SUB-UNIT UIC,SUB-UNIT NAME
A87AA,266TH CML PLT
ANDAA,1ST BN 2ND INF
ANEAA,2ND BN 2ND INF
ANDAA,1ST BN 2ND INF
AHRAA,1ST BN 16TH INF
AHSAA,2ND BN 16TH INF
AHTAA,1ST BN 18TH INF
AHUAA,2ND BN 18TH INF
AHVAA,1ST BN 26TH INF
AHWAA,2BN 28TH INF
AHXAA,1ST BN 28TH IN
AHZAA,2ND BN 33D ARTY
AH2AA,121ST SIGAL BN
AH3AA,701 MAINT BN
AHRAA,1ST BN 16TH INF
AHQAA,1ST BN 7TH ARTY
AHPAA,8TH BN 6TH ARTY
AHNAA,1ST BN 5TH ARTY
AHMAA,1ST SQ 4TH CAV
AHLAA,1ST S AND T BN
AHCAA,1ST ENG BN
AHBAA,1ST AVN BN
G4AAA,F CO 52ND INF
ANEAA,2ND BN 2ND INF
ANDAA,1ST BN 2ND INF
AHRAA,1ST BN 16TH INF
AHSAA,2ND BN 16TH INF
AHTAA,1ST BN 18TH INF
AHUAA,2ND BN 18TH INF
AHVAA,1ST BN 26TH INF
AHWAA,2BN 28TH INF
AHXAA,1ST BN 28TH IN
AHZAA,2ND BN 33D ARTY
AHRAA,1ST BN 16TH INF
AHQAA,1ST BN 7TH ARTY
AHPAA,8TH BN 6TH ARTY
AHNAA,1ST BN 5TH ARTY
AHMAA,1ST SQ 4TH CAV
AHBAA,1ST AVN BN
D3FAA,6TH BN 15 ARTY
A87AA,266TH CML PLT
D3FAA,6TH BN 15 ARTY
A87AA,266TH CML PLT
ANEAA,2ND BN 2ND INF
ANDAA,1ST BN 2ND INF
AHRAA,1ST BN 16TH INF
AHSAA,2ND BN 16TH INF
AHTAA,1ST BN 18TH INF
AHUAA,2ND BN 18TH INF
AHVAA,1ST BN 26TH INF
AHWAA,2BN 28TH INF
AHXAA,1ST BN 28TH IN
AHZAA,2ND BN 33D ARTY
AH2AA,121ST SIGAL BN
AHRAA,1ST BN 16TH INF
AHQAA,1ST BN 7TH ARTY
AHPAA,8TH BN 6TH ARTY
AHNAA,1ST BN 5TH ARTY
AHMAA,1ST SQ 4TH CAV
AHLAA,1ST S AND T BN
AHBAA,1ST AVN BN
ANEAA,2ND BN 2ND INF
ANDAA,1ST BN 2ND INF
AHQAA,1ST BN 7TH ARTY
AHRAA,1ST BN 16TH INF
AHSAA,2ND BN 16TH INF
AHTAA,1ST BN 18TH INF
AHUAA,2ND BN 18TH INF
AHVAA,1ST BN 26TH INF
AHWAA,2BN 28TH INF
AHXAA,1ST BN 28TH INF
AHZAA,2ND BN 33D ARTY
AHQAA,1ST BN 7TH ARTY
AHPAA,8TH BN 6TH ARTY
AHNAA,1ST BN 5TH ARTY
AHMAA,1ST SQ 4TH CAV
AHHAA,HBD DIV SPT CMD
AHBAA,1ST AVN BN
D3FAA,6TH BN 15 ARTY
A87AA,266TH CML PLT
D3FAA,6TH BN 15 ARTY
A87AA,266TH CML PLT
ANEAA,2ND BN 2ND INF
ANDAA,1ST BN 2ND INF
AHQAA,1ST BN 7TH ARTY
AHRAA,1ST BN 16TH INF
AHSAA,2ND BN 16TH INF
AHTAA,1ST BN 18TH INF
AHUAA,2ND BN 18TH INF
AHVAA,1ST BN 26TH INF
AHWAA,2BN 28TH INF
AHXAA,1ST BN 28TH IN
AHZAA,2ND BN 33D ARTY
AH2AA,121ST SIGAL BN
AHQAA,1ST BN 7TH ARTY
AHPAA,8TH BN 6TH ARTY
AHNAA,1ST BN 5TH ARTY
AHMAA,1ST SQ 4TH CAV
AHBAA,1ST AVN BN
ANEAA,2ND BN 2ND INF
AHTAA,1ST BN 18TH INF
AHUAA,2ND BN 18TH INF
AHVAA,1ST BN 26TH INF
AHWAA,2BN 28TH INF
AHXAA,1ST BN 28TH IN
AHZAA,2ND BN 33D ARTY
AH3AA,701 MAINT BN
AHTAA,1ST BN 18TH INF
AHSAA,2ND BN 16TH INF
AHRAA,1ST BN 16TH INF
AHQAA,1ST BN 7TH ARTY
AHPAA,8TH BN 6TH ARTY
AHHAA,HBD DIV SPT CMD
AHBAA,1ST AVN BN
D3FAA,6TH BN 15THARTY
A87AA,266TH CML PLT
G4AAA,F CO 52ND INF
D3FAA,6TH BN 15 ARTY
BVWAA,1ST MI DET
A87AA,266TH CML PLT
BVWAA,1ST MI DET
A87AA,266TH CML PLT
BVWAA,1ST MI DET
ANEAA,2ND BN 2ND INF
ANDAA,1ST BN 2ND INF
D3FAA,6TH BN 15 ARTY
A87AA,266TH CML PLT
ANEAA,2ND BN 2ND INF
ANDAA,1ST BN 2ND INF
ANEAA,2ND BN 2ND INF
ANDAA,1ST BN 2ND INF
AHSAA,2ND BN 16TH INF
AHTAA,1ST BN 18TH INF
AHUAA,2ND BN 18TH INF
AHVAA,1ST BN 26TH INF
AHXAA,1ST BN 28TH INF
AHZAA,2ND BN 33D ARTY
AH2AA,121ST SIGAL BN
AHSAA,2ND BN 16TH INF
AHRAA,1ST BN 16TH INF
AHQAA,1ST BN 7TH ARTY
AHPAA,8TH BN 6TH ARTY
AHBAA,1ST AVN BN
AHNAA,1ST BN 5TH ARTY
AHHAA,HBD DIV SPT CMD
AHPAA,8TH BN 6TH ARTY
AHNAA,1ST BN 5TH ARTY
AHPAA,8TH BN 6TH ARTY
AHBAA,1ST AVN BN
AHPAA,8TH BN 6TH ARTY
D3FAA,6TH BN 15THARTY
A87AA,266TH CML PLT
ANEAA,2ND BN 2ND INF
ANDAA,1ST BN 2ND INF
AHUAA,2ND BN 18TH INF
AHVAA,1ST BN 26TH INF
AHXAA,1ST BN 28TH INF
AHZAA,2ND BN 33D ARTY
AHPAA,8TH BN 6TH ARTY
AHRAA,1ST BN 16TH INF
AHPAA,8TH BN 6TH ARTY
AHUAA,2ND BN 18TH INF
AHTAA,1ST BN 18TH INF
AHSAA,2ND BN 16TH INF
AHRAA,1ST BN 16TH INF
AHQAA,1ST BN 7TH ARTY
AHPAA,8TH BN 6TH ARTY
AHUAA,2ND BN 18TH INF
AHQAA,1ST BN 7TH ARTY
AHBAA,1ST AVN BN
AHQAA,1ST BN 7TH ARTY
AHPAA,8TH BN 6TH ARTY
AHJAA,1ST ADM CO
AHHAA,HBD DIV SPT CMD
AHJAA,1ST ADM CO
AHNAA,1ST BN 5TH ARTY
AHPAA,8TH BN 6TH ARTY
AHNAA,1ST BN 5TH ARTY
AHPAA,8TH BN 6TH ARTY
AHNAA,1ST BN 5TH ARTY
AHPAA,8TH BN 6TH ARTY
AHHAA,HBD DIV SPT CMD
AHBAA,1ST AVN BN
AHRAA,1ST BN 16TH INF
AHSAA,2ND BN 16TH INF
AHTAA,1ST BN 18TH INF
AHUAA,2ND BN 18TH INF
AHVAA,1ST BN 26TH INF
AHWAA,2BN 28TH INF
AHXAA,1ST BN 28TH IN
AHZAA,2ND BN 33D ARTY
AH2AA,121ST SIGAL BN
AH3AA,701 MAINT BN
AHRAA,1ST BN 16TH INF
AHQAA,1ST BN 7TH ARTY
AHPAA,8TH BN 6TH ARTY
AHNAA,1ST BN 5TH ARTY
AHMAA,1ST SQ 4TH CAV
AHLAA,1ST S AND T BN
AHKAA,1ST MED CO
AHJAA,1ST ADMIN CO
AHBAA,1ST AVN BN
AHAAA,1ST MP CO
G4AAA,F CO 52ND INF
D3FAA,6TH BN 15 ARTY
AHSAA,2ND BN 16TH INF
AHTAA,1ST BN 18TH INF
AHUAA,2ND BN 18TH INF
AHVAA,1ST BN 26TH INF
AHWAA,2BN 28TH INF
AHXAA,1ST BN 28TH INF
AHZAA,2ND BN 33D ARTY
AHSAA,2ND BN 16TH INF
AHRAA,1ST BN 16TH INF
AHQAA,1ST BN 7TH ARTY
AHPAA,8TH BN 6TH ARTY
AHNAA,1ST BN 5TH ARTY
AHMAA,1ST SQ 4TH CAV
AHBAA,1ST AVN BN
D3FAA,6TH BN 15THARTY
A87AA,266TH CML PLT
D3FAA,6TH BN 15 ARTY
A87AA,266TH CML PLT
ANEAA,2ND BN 2ND INF
ANDAA,1ST BN 2ND INF
AHUAA,2ND BN 18TH INF
AHVAA,1ST BN 26TH INF
AHWAA,2ND BN 28TH INF
AHXAA,1ST BN 28TH INF
AHZAA,2ND BN 33D ARTY
AHUAA,2ND BN 18TH INF
AHTAA,1ST BN 18TH INF
AHSAA,2ND BN 16TH INF
AHRAA,1ST BN 16TH INF
AHQAA,1ST BN 7TH ARTY
AHMAA,1ST SQ 4TH CAV
AHJAA,1ST ADM CO
AHBAA,1ST AVN BN
AHQAA,1ST BN 7TH ARTY
AHPAA,8TH BN 6TH ARTY
AHMAA,1ST SQ 4TH CAV
AHPAA,8TH BN 6TH ARTY
AHMAA,1ST SQ 4TH CAV
AHBAA,1ST AVN BN
AHAAA,1ST MP CO
AHQAA,1ST BN 7TH ARTY
AHRAA,1ST BN 16TH INF
AHSAA,2ND BN 16TH INF
AHTAA,1ST BN 18TH INF
AHUAA,2ND BN 18TH INF
AHVAA,1ST BN 26TH INF
AHWAA,2ND BN 28TH INF
AHXAA,1ST BN 28TH INF
AHZAA,2ND BN 33D ARTY
ANEAA,2ND BN 2ND INF
A87AA,266TH CML PLT
D3FAA,6TH BN 15 ARTY
AHQAA,1ST BN 7TH ARTY
AHAAA,1ST MP CO
AHQAA,1ST BN 7TH ARTY
AHPAA,8TH BN 6TH ARTY
AHNAA,1ST BN 5TH ARTY
AHMAA,1ST SQ 4TH CAV
AHBAA,1ST AVN BN
AHAAA,1ST MP CO
AKKAA,1ST BN 22ND INF
AKMAA,6TH BN 29THARTY
AKPAA,2ND BN 34TH ARM
AKQAA,4TH BN 42NDARTY
AKRAA,2ND BN 77THARTY
FK7AA,3RD BN 12TH INF
AKKAA,1ST BN 22ND INF
AKHAA,5TH BN 16THARTY
AKGAA,2ND BN 12TH INF
AKFAA,1ST BN 12TH INF
AKEAA,1ST SQ 10TH CAV
AKDAA,3RD BN 8TH INF
AKCAA,2ND BN 8TH INF
AKBAA,1ST BN 8TH INF
AJ1AA,4TH AVN BN
AKMAA,6TH BN 29 ARTY
AKQAA,4TH BN 42 ARTY
AKRAA,2ND BN 77 ARTY
AKSAA,124 SIG BN
AKMAA,6TH BN 29 ARTY
AKKAA,1ST BN 22ND INF
AKHAA,5TH BN 16 ARTY
AKFAA,1ST BN 12TH INF
AKEAA,1ST SQ 10TH CAV
AKDAA,3RD BN 8TH INF
AKCAA,2ND BN 8TH INF
AKBAA,1ST BN 8TH INF
AJ1AA,4TH AVN BN
AJZAA,HHC
FK7AA,3RD BN 12TH INF
FUZAA,4TH BN 60THARTY
FK7AA,3RD BN 12TH INF
FUZAA,4TH BN 60THARTY
FK7AA,3RD BN 12TH INF
FUZAA,4TH BN 60THARTY
FK7AA,3RD BN 12TH INF
FUZAA,4TH BN 60THARTY
ADPAA,2ND BN 1ST CAV
FK7AA,3RD BN 12TH INF
AKFAA,1ST BN 12TH INF
AKEAA,1ST SQ 10TH CAV
AKHAA,5TH BN 16 ARTY
AKKAA,1ST BN 22ND INF
AKEAA,1ST SQ 10TH CAV
AKMAA,6TH BN 29THARTY
AKEAA,1ST SQ 10TH CAV
AKDAA,3RD BN 8TH INF
AKQAA,4TH BN 42 ARTY
AKDAA,3RD BN 8TH INF
AKCAA,2ND BN 8TH INF
AKSAA,124 SIG BN
AKCAA,2ND BN 8TH INF
AKBAA,1ST BN 8TH INF
AKAAA,4TH S&T BN
AJ9AA,4TH MED BN
AJ5AA,HHC 3RD BDE
AJ1AA,4TH AVN BN
FK7AA,3RD BN 12TH INF
AKHAA,5TH BN 16 ARTY
AKKAA,1ST BN 22ND INF
AKHAA,5TH BN 16 ARTY
AKFAA,1ST BN 12TH INF
AKMAA,6TH BN 29THARTY
AKFAA,1ST BN 12TH INF
AKQAA,4TH BN 42 ARTY
AKFAA,1ST BN 12TH INF
AKDAA,3RD BN 8TH INF
AKCAA,2ND BN 8TH INF
AKBAA,1ST BN 8TH INF
AJ9AA,4TH MED BN
AJ8AA,4TH ADMIN CO
AJ7AA,HHC DIV SPT CMD
AJ1AA,4TH AVN BN
ALRAA,2ND BN 9TH ARTY
AJ1AA,4TH AVN BN
ADPAA,2ND BN 1ST CAV
AKMAA,6TH BN 29THARTY
AKQAA,4TH BN 42NDARTY
AKMAA,6TH BN 29THARTY
AKSAA,124 SIG BN
AKMAA,6TH BN 29THARTY
AKKAA,1ST BN 22ND INF
AKHAA,5TH BN 16THARTY
AKFAA,1ST BN 12TH INF
ALRAA,2ND BN 9TH ARTY
AKFAA,1ST BN 12TH INF
AKEAA,1ST SQ 10TH CAV
AKDAA,3RD BN 8TH INF
AKCAA,2ND BN 8TH INF
AKBAA,1ST BN 8TH INF
AJ1AA,4TH AVN BN
AJZAA,HHC
AMDAA,1ST BN 69 ARMOR
AMBAA,2ND BN 35TH INF
ALUAA,1ST BN 14TH INF
FUZAA,4TH BN 60THARTY
FK7AA,3RD BN 12TH INF
FUZAA,4TH BN 60THARTY
FK7AA,3RD BN 12TH INF
FUZAA,4TH BN 60THARTY
AKQAA,4TH BN 42NDARTY
AKSAA,124 SIG BN
AKQAA,4TH BN 42NDARTY
AKKAA,1ST BN 22ND INF
AKHAA,5TH BN 16THARTY
AKFAA,1ST BN 12TH INF
ALRAA,2ND BN 9TH ARTY
AKFAA,1ST BN 12TH INF
AKEAA,1ST SQ 10TH CAV
AKDAA,3RD BN 8TH INF
AKCAA,2ND BN 8TH INF
AKBAA,1ST BN 8TH INF
AJ8AA,4TH ADMIN CO
AJ2AA,4TH ENG BN
AJ1AA,4TH AVN BN
AJZAA,HHC
AMDAA,1ST BN 69 ARMOR
AMBAA,2ND BN 35TH INF
ALUAA,1ST BN 14TH INF
AMBAA,2ND BN 35TH INF
AMDAA,1ST BN 69 ARMOR
AMBAA,2ND BN 35TH INF
AMAAA,1ST BN 35TH INF
ALUAA,1ST BN 14TH INF
ALRAA,2ND BN 9TH ARTY
ARV02,DIV MORTAR BTRY
ALRAA,2ND BN 9TH ARTY
ADPAA,2ND BN 1ST CAV
FK7AA,3RD BN 12TH INF
AMDAA,1ST BN 69 ARMOR
AMBAA,2ND BN 35TH INF
ARV02,DIV MORTAR BTRY
AMBAA,2ND BN 35TH INF
AMAAA,1ST BN 35TH INF
ALUAA,1ST BN 14TH INF
FK7AA,3RD BN 12TH INF
AKHAA,5TH BN 16 ARTY
AKKAA,1ST BN 22ND INF
AKHAA,5TH BN 16 ARTY
AKMAA,6TH BN 29THARTY
AKHAA,5TH BN 16 ARTY
AKFAA,1ST BN 12TH INF
AKQAA,4TH BN 42 ARTY
AKFAA,1ST BN 12TH INF
AKEAA,1ST SQ 10TH CAV
AKSAA,124 SIG BN
AKEAA,1ST SQ 10TH CAV
AKDAA,3RD BN 8TH INF
AKCAA,2ND BN 8TH INF
AKBAA,1ST BN 8TH INF
AKAAA,4TH S&T BN
AJ8AA,4TH ADMIN CO
AJ2AA,4TH ENG BN
AJ1AA,4TH AVN BN
AJZAA,HHC
AMDAA,1ST BN 69 ARMOR
ALUAA,1ST BN 14TH INF
ALRAA,2ND BN 9TH ARTY
AKHAA,5TH BN 16 ARTY
AKKAA,1ST BN 22ND INF
AKHAA,5TH BN 16 ARTY
AKFAA,1ST BN 12TH INF
AKMAA,6TH BN 29THARTY
AKFAA,1ST BN 12TH INF
AKQAA,4TH BN 42 ARTY
AKFAA,1ST BN 12TH INF
AKEAA,1ST SQ 10TH CAV
AKDAA,3RD BN 8TH INF
AKSAA,124 SIG BN
AKDAA,3RD BN 8TH INF
AKCAA,2ND BN 8TH INF
AKBAA,1ST BN 8TH INF
ALRAA,2ND BN 9TH ARTY
AKBAA,1ST BN 8TH INF
AKAAA,4TH S&T BN
AJ9AA,4TH MED BN
AJ7AA,HHC DIV SPT CMD
AJ1AA,4TH AVN BN
ADPAA,2ND BN 1ST CAV
AMDAA,1ST BN 69 ARMOR
ARV02,DIV MORTAR BTRY
FK7AA,3RD BN 12TH INF
AKEAA,1ST SQ 10TH CAV
AKFAA,1ST BN 12TH INF
AKEAA,1ST SQ 10TH CAV
AKHAA,5TH BN 16THARTY
AKKAA,1ST BN 22ND INF
AKMAA,6TH BN 29THARTY
AKEAA,1ST SQ 10TH CAV
AKQAA,4TH BN 42NDARTY
AKEAA,1ST SQ 10TH CAV
AKSAA,124 SIG BN
AKEAA,1ST SQ 10TH CAV
AKDAA,3RD BN 8TH INF
AKCAA,2ND BN 8TH INF
AKBAA,1ST BN 8TH INF
AKAAA,4TH S&T BN
AJ9AA,4TH MED BN
AJ8AA,4TH ADMIN CO
AJ5AA,HHC 3RD BDE
AJ2AA,4TH ENG BN
AJ1AA,4TH AVN BN
ALRAA,2ND BN 9TH ARTY
AJ1AA,4TH AVN BN
AJZAA,HHC
AMDAA,1ST BN 69 ARMOR
ALUAA,1ST BN 14TH INF
ARV02,DIV MORTAR BTRY
ALUAA,1ST BN 14TH INF
ADPAA,2ND BN 1ST CAV
AKHAA,5TH BN 16 ARTY
AKKAA,1ST BN 22ND INF
AKHAA,5TH BN 16 ARTY
AKFAA,1ST BN 12TH INF
AKMAA,6TH BN 29THARTY
AKFAA,1ST BN 12TH INF
AKQAA,4TH BN 42 ARTY
AKFAA,1ST BN 12TH INF
AKEAA,1ST SQ 10TH CAV
AKSAA,124 SIG BN
AKEAA,1ST SQ 10TH CAV
AKDAA,3RD BN 8TH INF
AKCAA,2ND BN 8TH INF
ALRAA,2ND BN 9TH ARTY
AKCAA,2ND BN 8TH INF
AKBAA,1ST BN 8TH INF
AKAAA,4TH S&T BN
AJ9AA,4TH MED BN
AJ7AA,HHC DIV SPT CMD
AJ1AA,4TH AVN BN
AMDAA,1ST BN 69 ARMOR
ARV02,DIV MORTAR BTRY
ADPAA,2ND BN 1ST CAV
FK7AA,3RD BN 12TH INF
ADPAA,2ND BN 1ST CAV
AKFAA,1ST BN 12TH INF
AKEAA,1ST SQ 10TH CAV
AKHAA,5TH BN 16THARTY
AKKAA,1ST BN 22ND INF
AKEAA,1ST SQ 10TH CAV
AKDAA,3RD BN 8TH INF
AKMAA,6TH BN 29THARTY
AKDAA,3RD BN 8TH INF
AKCAA,2ND BN 8TH INF
AKBAA,1ST BN 8TH INF
AKQAA,4TH BN 42NDARTY
AKBAA,1ST BN 8TH INF
AKSAA,124 SIG BN
AKBAA,1ST BN 8TH INF
AKAAA,4TH S&T BN
AJ9AA,4TH MED BN
AJ5AA,HHC 3RD BDE
AJ2AA,4TH ENG BN
AJ1AA,4TH AVN BN
AJZAA,HHC
FK7AA,3RD BN 12TH INF
AMBAA,2ND BN 35TH INF
AMDAA,1ST BN 69 ARMOR
AMBAA,2ND BN 35TH INF
AMAAA,1ST BN 35TH INF
ALUAA,1ST BN 14TH INF
ALRAA,2ND BN 9TH ARTY
ARV02,DIV MORTAR BTRY
ALRAA,2ND BN 9TH ARTY
AKFAA,1ST BN 12TH INF
AKEAA,1ST SQ 10TH CAV
AKHAA,5TH BN 16 ARTY
AKKAA,1ST BN 22ND INF
AKEAA,1ST SQ 10TH CAV
AKDAA,3RD BN 8TH INF
AKMAA,6TH BN 29THARTY
AKDAA,3RD BN 8TH INF
AKQAA,4TH BN 42 ARTY
AKDAA,3RD BN 8TH INF
AKCAA,2ND BN 8TH INF
AKSAA,124 SIG BN
AKCAA,2ND BN 8TH INF
AKBAA,1ST BN 8TH INF
AKAAA,4TH S&T BN
AJ9AA,4TH MED BN
AJ8AA,4TH ADMIN CO
AJ7AA,HHC DIV SPT CMD
AJ1AA,4TH AVN BN
AMDAA,1ST BN 69 ARMOR
AMAAA,1ST BN 35TH INF
ALRAA,2ND BN 9TH ARTY
ARV02,DIV MORTAR BTRY
ALRAA,2ND BN 9TH ARTY
ADPAA,2ND BN 1ST CAV
D3KAA,H BTRY 29THARTY
DGLAA,1ST BN 11THARTY
DGMAA,2ND BN 4TH ARTY
DGNAA,3RD BN 34THARTY
DGPAA,1ST BN 84THARTY
DGLAA,1ST BN 11THARTY
DGDAA,4TH BN 39TH INF
DGCAA,3RD BN 39TH INF
DGLAA,1ST BN 11THARTY
DGDAA,4TH BN 39TH INF
DGCAA,3RD BN 39TH INF
DGBAA,2ND BN 39TH INF
DGEAA,2ND BN 47TH INF
DGDAA,4TH BN 39TH INF
DGBAA,2ND BN 39TH INF
DF8AA,709TH MAINT BN
DFYAA,15TH ENG EN
DFWAA,9TH AVN BN
DGKAA,5TH BN 60TH INF
DGJAA,3RD BN 60TH INF
DGHAA,2ND BN 60TH INF
DGGAA,4TH BN 47TH INF
DGFAA,3RD BN 47TH INF
DGEAA,2ND BN 47TH INF
DFWAA,9TH AVN BN
DGJAA,3RD BN 60TH INF
DGKAA,5TH BN 60TH INF
DGLAA,1ST BN 11THARTY
DGMAA,2ND BN 4TH ARTY
DGNAA,3RD BN 34THARTY
DGPAA,1ST BN 84THARTY
DGFAA,3RD BN 47TH INF
DGGAA,4TH BN 47TH INF
DGFAA,3RD BN 47TH INF
DGJAA,3RD BN 60TH INF
DGGAA,4TH BN 47TH INF
DGJAA,3RD BN 60TH INF
DGGAA,4TH BN 47TH INF
DGJAA,3RD BN 60TH INF
DGHAA,2ND BN 60TH INF
DGGAA,4TH BN 47TH INF
DGJAA,3RD BN 60TH INF
DGHAA,2ND BN 60TH INF
DGFAA,3RD BN 47TH INF
DGEAA,2ND BN 47TH INF
DGCAA,3RD BN 39TH INF
DGBAA,2ND BN 39TH INF
DF2AA,3RD BN 5TH CAV
DFYAA,15TH ENG EN
DFWAA,9TH AVN BN
D3KAA,H BTRY 29THARTY
DGMAA,2ND BN 4TH ARTY
DGNAA,3RD BN 34THARTY
DGPAA,1ST BN 84THARTY
DGMAA,2ND BN 4TH ARTY
DGJAA,3RD BN 60TH INF
DGMAA,2ND BN 4TH ARTY
DGJAA,3RD BN 60TH INF
DGKAA,5TH BN 60TH INF
DGJAA,3RD BN 60TH INF
DGMAA,2ND BN 4TH ARTY
DGLAA,1ST BN 11THARTY
DGKAA,5TH BN 60TH INF
DGJAA,3RD BN 60TH INF
DGHAA,2ND BN 60TH INF
DGMAA,2ND BN 4TH ARTY
DGHAA,2ND BN 60TH INF
DFWAA,9TH AVN BN
DGHAA,2ND BN 60TH INF
DGDAA,4TH BN 39TH INF
DGCAA,3RD BN 39TH INF
DGBAA,2ND BN 39TH INF
DFYAA,15TH ENG BN
DFXAA,9TH SIBNAL BN
DFWAA,9TH AVN BN
DGLAA,1ST BN 11THARTY
DGMAA,2ND BN 4TH ARTY
DGNAA,3RD BN 34THARTY
DGPAA,1ST BN 84THARTY
DGJAA,3RD BN 60TH INF
DGLAA,1ST BN 11THARTY
DGJAA,3RD BN 60TH INF
DGHAA,2ND BN 60TH INF
DGGAA,4TH BN 47TH INF
DGLAA,1ST BN 11THARTY
DGKAA,5TH BN 60TH INF
DFWAA,9TH AVN BN
DGKAA,5TH BN 60TH INF
DFYAA,15TH ENG EN
DFWAA,9TH AVN BN
DGBAA,2ND BN 39TH INF
DGCAA,3RD BN 39TH INF
DGBAA,2ND BN 39TH INF
DGKAA,5TH BN 60TH INF
DGJAA,3RD BN 60TH INF
DGCAA,3RD BN 39TH INF
DGGAA,4TH BN 47TH INF
DGFAA,3RD BN 47TH INF
DGEAA,2ND BN 47TH INF
DGCAA,3RD BN 39TH INF
DGJAA,3RD BN 60TH INF
D3KAA,H BTRY 29THARTY
DGMAA,2ND BN 4TH ARTY
DGNAA,3RD BN 34THARTY
DGPAA,1ST BN 84THARTY
DGMAA,2ND BN 4TH ARTY
DGJAA,3RD BN 60TH INF
DGKAA,5TH BN 60TH INF
DGJAA,3RD BN 60TH INF
DGKAA,5TH BN 60TH INF
DGJAA,3RD BN 60TH INF
DGHAA,2ND BN 60TH INF
DGBAA,2ND BN 39TH INF
DGMAA,2ND BN 4TH ARTY
DGLAA,1ST BN 11THARTY
DGKAA,5TH BN 60TH INF
DFWAA,9TH AVN BN
DGKAA,5TH BN 60TH INF
DGBAA,2ND BN 39TH INF
DF8AA,709TH MAINT BN
DF2AA,3RD SQ 5TH CAV
DFWAA,9TH AVN BN
DGHAA,2ND BN 60TH INF
DGBAA,2ND BN 39TH INF
DGHAA,2ND BN 60TH INF
DGBAA,2ND BN 39TH INF
DGHAA,2ND BN 60TH INF
DGGAA,4TH BN 47TH INF
DGDAA,4TH BN 39TH INF
DGCAA,3RD BN 39TH INF
DGBAA,2ND BN 39TH INF
G13AA,6TH BN 31ST INF
DGHAA,2ND BN 60TH INF
DGJAA,3RD BN 60TH INF
DGKAA,5TH BN 60TH INF
DGLAA,1ST BN 11THARTY
DGMAA,2ND BN 4TH ARTY
DGNAA,3RD BN 34THARTY
DGPAA,1ST BN 84THARTY
DGHAA,2ND BN 60TH INF
DGBAA,2ND BN 39TH INF
DGHAA,2ND BN 60TH INF
DGGAA,4TH BN 47TH INF
DGBAA,2ND BN 39TH INF
DF2AA,3RD BN 5TH CAV
DGGAA,4TH BN 47TH INF
DGFAA,3RD BN 47TH INF
DGGAA,4TH BN 47TH INF
DGFAA,3RD BN 47TH INF
DGBAA,2ND BN 39TH INF
DGCAA,3RD BN 39TH INF
DGBAA,2ND BN 39TH INF
DGFAA,3RD BN 47TH INF
DGEAA,2ND BN 47TH INF
DGDAA,4TH BN 39TH INF
DGCAA,3RD BN 39TH INF
DF2AA,3RD BN 5TH CAV
DFYAA,15TH ENG EN
DFWAA,9TH AVN BN
DGGAA,4TH BN 47TH INF
DGJAA,3RD BN 60TH INF
DGKAA,5TH BN 60TH INF
DGLAA,1ST BN 11THARTY
DGMAA,2ND BN 4TH ARTY
DGNAA,3RD BN 34THARTY
DGPAA,1ST BN 84THARTY
DGGAA,4TH BN 47TH INF
DGDAA,4TH BN 39TH INF
DGEAA,2ND BN 47TH INF
DGDAA,4TH BN 39TH INF
DGGAA,4TH BN 47TH INF
DGFAA,3RD BN 47TH INF
DGEAA,2ND BN 47TH INF
DGDAA,4TH BN 39TH INF
DFWAA,9TH AVN BN
DGDAA,4TH BN 39TH INF
DGCAA,3RD BN 39TH INF
DGBAA,2ND BN 39TH INF
DF8AA,709TH MAINT BN
DFYAA,15TH ENG EN
DFWAA,9TH AVN BN
D3KAA,H BTRY 29THARTY
DGMAA,2ND BN 4TH ARTY
DGNAA,3RD BN 34THARTY
DGPAA,1ST BN 84THARTY
DGMAA,2ND BN 4TH ARTY
DGLAA,1ST BN 11THARTY
DGKAA,5TH BN 60TH INF
DGJAA,3RD BN 60TH INF
DGHAA,2ND BN 60TH INF
DGDAA,4TH BN 39TH INF
DFWAA,9TH AVN BN
DF2AA,3RD SQ 5TH CAV
DFYAA,15TH ENG BN
DFWAA,9TH AVN BN
DGBAA,2ND BN 39TH INF
DF2AA,3RD SQ 5TH CAV
DGHAA,2ND BN 60TH INF
DGGAA,4TH BN 47TH INF
DGHAA,2ND BN 60TH INF
DGGAA,4TH BN 47TH INF
DGFAA,3RD BN 47TH INF
DGDAA,4TH BN 39TH INF
DGHAA,2ND BN 60TH INF
DGDAA,4TH BN 39TH INF
DGBAA,2ND BN 39TH INF
G13AA,6TH BN 31ST INF
DGFAA,3RD BN 47TH INF
DGGAA,4TH BN 47TH INF
DGHAA,2ND BN 60TH INF
DGJAA,3RD BN 60TH INF
DGKAA,5TH BN 60TH INF
DGLAA,1ST BN 11THARTY
DGMAA,2ND BN 4TH ARTY
DGNAA,3RD BN 34THARTY
DGPAA,1ST BN 84THARTY
DGFAA,3RD BN 47TH INF
DGEAA,2ND BN 47TH INF
DGDAA,4TH BN 39TH INF
DFWAA,9TH AVN BN
DGBAA,2ND BN 39TH INF
DF2AA,3RD BN 5TH CAV
DFYAA,15TH ENG EN
DGDAA,4TH BN 39TH INF
DGCAA,3RD BN 39TH INF
DGBAA,2ND BN 39TH INF
D3KAA,H BTRY 29 ARTY
DGHAA,2ND BN 60TH INF
DGJAA,3RD BN 60TH INF
DGKAA,5TH BN 60TH INF
DGLAA,1ST BN 11THARTY
DGMAA,2ND BN 4TH ARTY
DGNAA,3RD BN 34THARTY
DGPAA,1ST BN 84THARTY
DGHAA,2ND BN 60TH INF
DGEAA,2ND BN 47TH INF
DGHAA,2ND BN 60TH INF
DGEAA,2ND BN 47TH INF
DGGAA,4TH BN 47TH INF
DGFAA,3RD BN 47TH INF
DGEAA,2ND BN 47TH INF
DGHAA,2ND BN 60TH INF
DGGAA,4TH BN 47TH INF
DGEAA,2ND BN 47TH INF
DFYAA,15TH ENG BN
DGBAA,2ND BN 39TH INF
DFYAA,15TH ENG BN
DGEAA,2ND BN 47TH INF
DGDAA,4TH BN 39TH INF
DGCAA,3RD BN 39TH INF
DGBAA,2ND BN 39TH INF
DFYAA,15TH ENG BN
DFWAA,9TH AVN BN
DGHAA,2ND BN 60TH INF
DGKAA,5TH BN 60TH INF
DGLAA,1ST BN 11THARTY
DGMAA,2ND BN 4TH ARTY
DGNAA,3RD BN 34THARTY
DGPAA,1ST BN 84THARTY
DGHAA,2ND BN 60TH INF
DFWAA,9TH AVN BN
DF2AA,3RD SQ 5TH CAV
DFYAA,15TH ENG EN
DFWAA,9TH AVN BN
DGDAA,4TH BN 39TH INF
DGBAA,2ND BN 39TH INF
DGHAA,2ND BN 60TH INF
DGGAA,4TH BN 47TH INF
DGFAA,3RD BN 47TH INF
DGEAA,2ND BN 47TH INF
DGDAA,4TH BN 39TH INF
DGKAA,5TH BN 60TH INF
DGLAA,1ST BN 11THARTY
DGMAA,2ND BN 4TH ARTY
DGNAA,3RD BN 34THARTY
DGPAA,1ST BN 84THARTY
D3KAA,H BTRY 29THARTY
DGKAA,5TH BN 60TH INF
DGJAA,3RD BN 60TH INF
DGHAA,2ND BN 60TH INF
DGGAA,4TH BN 47TH INF
DGFAA,3RD BN 47TH INF
DGDAA,4TH BN 39TH INF
DGCAA,3RD BN 39TH INF
DGBAA,2ND BN 39TH INF
DF2AA,3RD SQ 5TH CAV
DFYAA,15TH ENG EN
DFWAA,9TH AVN BN
ALZAA,25TH AVN BN
AMAAA,1ST BN 35TH INF
AMBAA,2ND BN 35TH INF
AMCAA,65TH EN BN
AMDAA,2ND BN 35TH INF
ASFAA,4TH BN 9TH INF
ASMAA,4TH BN 23RD INF
DD1AA,1ST BN 44THARTY
FQJAA,7TH BN 9TH ARTY
ALZAA,25TH AVN BN
ALVAA,2ND BN 14TH INF
ALTAA,3RD BN 13THARTY
ALSAA,7TH BN 11THARTY
ALQAA,1ST BN 8TH ARTY
ALNAA,3RD SQ 4TH CAV
ALTAA,3RD BN 13THARTY
ALUAA,1ST BN 14TH INF
ALVAA,2ND BN 14TH INF
ALZAA,25TH AVN BN
AL9AA,2ND BN 27TH INF
AMBAA,2ND BN 35TH INF
AMDAA,1ST BN 69 ARMOR
ALTAA,3RD BN 13THARTY
ALSAA,7TH BN 11THARTY
ALQAA,1ST BN 8TH ARTY
ALNAA,3RD SQ 4TH CAV
ASMAA,4TH BN 23RD INF
ASFAA,4TH BN 9TH INF
DD1AA,1ST BN 44THARTY
D3GAA,6TH BN 77THARTY
FQJAA,5TH BN 2ND ARTY
FK8AA,3RD BN 22ND INF
ALQAA,1ST BN 8TH ARTY
ALPAA,1ST BN 5TH INF
ALNAA,3RD SQ 4TH CAV
ALSAA,7TH BN 11THARTY
ALTAA,3RD BN 13THARTY
ALNAA,3RD SQ 4TH CAV
AKRAA,2ND BN 77 ARTY
AKPAA,IND BN 34 ARMOR
AKLAA,2ND BN 22ND INF
ALVAA,2ND BN 14TH INF
ALYAA,25TH MP CO
ALZAA,25 AVN BN
AL8AA,1ST BN 27TH INF
AL9AA,2ND BN 27TH INF
AKLAA,2ND BN 22ND INF
AKGAA,2ND BN 12TH INF
D3GAA,6TH BN77THARTY
ALSAA,7TH BN 11THARTY
ALTAA,3RD BN 13THARTY
ALSAA,7TH BN 11THARTY
ALQAA,1ST BN 8TH ARTY
ALPAA,1ST BN 5TH INF
ALVAA,2ND BN 14TH INF
ALZAA,25 AVN BN
AL8AA,1ST BN 27TH INF
AL9AA,2ND BN 27TH INF
ALPAA,1ST BN 5TH INF
ALNAA,3RD SQ 4TH CAV
AMEAA,125TH SIG BN
AMFAA,725TH MAINT BN
ALNAA,3RD SQ 4TH CAV
AKRAA,2ND BN 77 ARTY
AKPAA,IND BN 34 ARMOR
AKLAA,2ND BN 22ND INF
AKGAA,2ND BN 12TH INF
AKLAA,2ND BN 22ND INF
AKGAA,2ND BN 12TH INF
AKLAA,2ND BN 22ND INF
AKGAA,2ND BN 12TH INF
FK8AA,3RD BN 22ND INF
D3GAA,6TH BN 77THARTY
ASMAA,4TH BN 23RD INF
ASFAA,4TH BN 9TH INF
ALTAA,3RD BN 13THARTY
ALSAA,7TH BN 11THARTY
ALVAA,2ND BN 14TH INF
ALZAA,25TH AVN BN
AL0AA,HHC 1ST BDE
ALSAA,7TH BN 11THARTY
ALQAA,1ST BN 8TH ARTY
ALNAA,3RD SQ 4TH CAV
AKRAA,2ND BN 77THARTY
FK8AA,3RD BN 22ND INF
D3GAA,6TH BN77THARTY
ASMAA,4TH BN 23RD INF
ASFAA,4TH BN 9TH INF
D3GAA,6TH BN77THARTY
FK8AA,3RD BN 22ND INF
ASFAA,4TH BN 9TH INF
ASMAA,4TH BN 23RD INF
ASFAA,4TH BN 9TH INF
ASMAA,4TH BN 23RD INF
ASFAA,4TH BN 9TH INF
ALTAA,3RD BN 13THARTY
ALSAA,7TH BN 11THARTY
ALVAA,2ND BN 14TH INF
ALYAA,25TH MP CO
ALZAA,25 AVN BN
AL0AA,HHC 1ST BDE
AL8AA,1ST BN 27TH INF
AL9AA,2ND BN 27TH INF
ALSAA,7TH BN 11THARTY
ALQAA,1ST BN 8TH ARTY
AMCAA,65TH ENGR BN
ALQAA,1ST BN 8TH ARTY
AKGAA,2ND BN 12TH INF
ALQAA,1ST BN 8TH ARTY
AKGAA,2ND BN 12TH INF
ALQAA,1ST BN 8TH ARTY
AKGAA,2ND BN 12TH INF
ALQAA,1ST BN 8TH ARTY
ALNAA,3RD SQ 4TH CAV
AKRAA,2ND BN 77 ARTY
D3GAA,6TH BN77THARTY
FK8AA,3RD BN 22ND INF
D3GAA,6TH BN77THARTY
FK8AA,3RD BN 22ND INF
ALSAA,7TH BN 11THARTY
ALTAA,3RD BN 13THARTY
ALVAA,2ND BN 14TH INF
ALZAA,25 AVN BN
AL8AA,1ST BN 27TH INF
AL9AA,2ND BN 27TH INF
AMCAA,65TH ENGR BN
ALSAA,7TH BN 11THARTY
ALQAA,1ST BN 8TH ARTY
ALPAA,1ST BN 5TH INF
ALNAA,3RD SQ 4TH CAV
AKRAA,2ND BN 77 ARTY
AKPAA,IND BN 34 ARMOR
AKLAA,2ND BN 22ND INF
AKGAA,2ND BN 12TH INF
AKLAA,2ND BN 22ND INF
AKGAA,2ND BN 12TH INF
AKLAA,2ND BN 22ND INF
AKGAA,2ND BN 12TH INF
AKLAA,2ND BN 22ND INF
AKGAA,2ND BN 12TH INF
ASFAA,4TH BN 9TH INF
ASMAA,4TH BN 23RD INF
AKGAA,2ND BN 12TH INF
ASMAA,4TH BN 23RD INF
ALQAA,1ST BN 8TH ARTY
ALPAA,1ST BN 5TH INF
ALSAA,7TH BN 11THARTY
ALTAA,3RD BN 13THARTY
ALPAA,1ST BN 5TH INF
ALNAA,3RD SQ 4TH CAV
AKRAA,2ND BN 77 ARTY
AKPAA,IND BN 34 ARMOR
AKGAA,2ND BN 12TH INF
AKPAA,IND BN 34 ARMOR
ALZAA,25 AVN BN
AL8AA,1ST BN 27TH INF
AL9AA,2ND BN 27TH INF
AMCAA,65TH ENGR BN
AKPAA,IND BN 34 ARMOR
AKGAA,2ND BN 12TH INF
AKPAA,IND BN 34 ARMOR
AKLAA,2ND BN 22ND INF
D3GAA,6TH BN77THARTY
FK8AA,3RD BN 22ND INF
ASFAA,4TH BN 9TH INF
ASMAA,4TH BN 23RD INF
ASFAA,4TH BN 9TH INF
ALTAA,3RD BN 13THARTY
ALVAA,2ND BN 14TH INF
ALZAA,25 AVN BN
AL8AA,1ST BN 27TH INF
AL9AA,2ND BN 27TH INF
ALTAA,3RD BN 13THARTY
ALSAA,7TH BN 11THARTY
ALQAA,1ST BN 8TH ARTY
ALPAA,1ST BN 5TH INF
ALNAA,3RD SQ 4TH CAV
AKRAA,2ND BN 77 ARTY
AKPAA,IND BN 34 ARMOR
AKLAA,2ND BN 22ND INF
AKGAA,2ND BN 12TH INF
AKLAA,2ND BN 22ND INF
AKGAA,2ND BN 12TH INF
AKLAA,2ND BN 22ND INF
AKGAA,2ND BN 12TH INF
ASMAA,4TH BN 23RD INF
ASFAA,4TH BN 9TH INF
ASMAA,4TH BN 23RD INF
ASFAA,4TH BN 9TH INF
ALSAA,7TH BN 11THARTY
ALTAA,3RD BN 13THARTY
ALSAA,7TH BN 11THARTY
ALQAA,1ST BN 8TH ARTY
ALVAA,2ND BN 14TH INF
ALYAA,25TH MP CO
ALZAA,25TH AVN BN
AL8AA,1ST BN 27TH INF
AL9AA,2ND BN 27TH INF
AMCAA,65TH ENGR BN
ALQAA,1ST BN 8TH ARTY
ALPAA,1ST BN 5TH INF
ALNAA,3RD SQ 4TH CAV
AKRAA,2ND BN 77THARTY
AKPAA,IND BN 34 ARMOR
AKGAA,2ND BN 12TH INF
D3GAA,6TH BN77THARTY
FK8AA,3RD BN 22ND INF
D3GAA,6TH BN 77THARTY
ASFAA,4TH BN 9TH INF
ASMAA,4TH BN 23RD INF
ASFAA,4TH BN 9TH INF
ALQAA,1ST BN 8TH ARTY
ALPAA,1ST BN 5TH INF
ALNAA,3RD SQ 4TH CAV
AKRAA,2ND BN 77 ARTY
AKPAA,IND BN 34 ARMOR
ALSAA,7TH BN 11THARTY
ALTAA,3RD BN 13THARTY
ALVAA,2ND BN 14TH INF
ALZAA,25 AVN BN
AL8AA,1ST BN 27TH INF
AL9AA,2ND BN 27TH INF
AKPAA,IND BN 34 ARMOR
AKLAA,2ND BN 22ND INF
AKGAA,2ND BN 12TH INF
AMEAA,125TH SIG BN
AMFAA,725TH MAINT BN
AKGAA,2ND BN 12TH INF
ASFAA,4TH BN 9TH INF
ASMAA,4TH BN 23RD INF
ASFAA,4TH BN 9TH INF
FK8AA,3RD BN 22ND INF
ALQAA,1ST BN 8TH ARTY
ALPAA,1ST BN 5TH INF
ALNAA,3RD SQ 4TH CAV
AKRAA,2ND BN 77 ARTY
AKPAA,IND BN 34 ARMOR
AKLAA,2ND BN 22ND INF
ALSAA,7TH BN 11THARTY
ALTAA,3RD BN 13THARTY
AKLAA,2ND BN 22ND INF
AKGAA,2ND BN 12TH INF
ALVAA,2ND BN 14TH INF
ALZAA,25 AVN BN
AL8AA,1ST BN 27TH INF
AL9AA,2ND BN 27TH INF
AKGAA,2ND BN 12TH INF
ARV01,1ST AVN DET ARV
AGMAA,2ND BN 5TH CAV
AGNAA,2ND BN 7TH CAV
AGPAA,1ST BN 7TH CAV
AGRAA,2ND BN 8TH AIRB
AGSAA,1ST BN 8TH AIRB
AGTAA,1ST SQ 9TH CAV
AGUAA,1ST BN 12THAIRB
AGVAA,13TH SIGAL BN
AGZAA,15 SUPAND SUCBN
AG2AA,2ND BN 19THARTY
AG3AA,2ND BN 20AERRKT
AG4AA,1ST BN 21STARTY
AG6AA,1ST BN 77THARTY
AG7AA,E BTRY 82 ARTY
AGMAA,2ND BN 5TH CAV
AGLAA,1ST BN 5TH CAV
AGHAA,HHC 3RD BDE
AGFAA,HHC 1ST ABE
AD3AA,1ST BN 50TH INF
AAGAA,11TH SPT AVN CO
AAVAA,227 ASLT HEL BN
AAGAA,11TH SPT AVN CO
AAVAA,227 ASLT HEL BN
AAXAA,229 ASLT HEL BN
AAWAA,228TH AVN BN
AAVAA,227 ASLT HEL BN
DMPAA,5TH BN 7TH CAV
AGMAA,2ND BN 5TH CAV
AGNAA,2ND BN 7TH CAV
AGPAA,1ST BN 7TH CAV
AGQAA,8TH ENG BN
AGRAA,2ND BN 8TH AIRB
AGSAA,1ST BN 8TH AIRB
AGTAA,1ST SQ 9TH CAV
AGUAA,1ST BN 12THAIRB
AG2AA,2ND BN 19THARTY
AG3AA,2ND BN 20AERRKT
AG4AA,1ST BN 21STARTY
AG6AA,1ST BN 77THARTY
AGMAA,2ND BN 5TH CAV
AD3AA,1ST BN 50TH INF
AGLAA,1ST BN 5TH CAV
AD3AA,1ST BN 50TH INF
AGMAA,2ND BN 5TH CAV
AGLAA,1ST BN 5TH CAV
C01AA,2ND BN 12TH CAV
CYPAA,12TH AVN GP
C01AA,2ND BN 12TH CAV
A2FAA,2ND BN 17THARTY
AAVAA,227 ASLT HEL BN
AAXAA,229 ASLT HEL BN
AAVAA,227 ASLT HEL BN
C01AA,2ND BN 12TH CAV
A84AA,184TH CML PLT
C01AA,2ND BN 12TH CAV
ARV01,1ST AVN DET ARV
ARV03,DIV TNG CENTER
ARV01,1ST AVN DET ARV
ARV03,DIV TNG CENTER
ARV01,1ST AVN DET ARV
AGMAA,2ND BN 5TH CAV
AGNAA,2ND BN 7TH CAV
AGPAA,1ST BN 7TH CAV
AGQAA,8TH ENG BN
AGRAA,2ND BN 8TH AIRB
AGSAA,1ST BN 8TH AIRB
AGTAA,1ST SQ 9TH CAV
AGUAA,1ST BN 12THAIRB
AG2AA,2ND BN 19THARTY
AG3AA,2ND BN 20AERRKT
AG4AA,1ST BN 21STARTY
AG6AA,1ST BN 77THARTY
AGMAA,2ND BN 5TH CAV
AD3AA,1ST BN 50TH INF
AGLAA,1ST BN 5TH CAV
AGHAA,HHC 3RD BDE
AD3AA,1ST BN 50TH INF
AGLAA,1ST BN 5TH CAV
AGMAA,2ND BN 5TH CAV
AD3AA,1ST BN 50TH INF
AGMAA,2ND BN 5TH CAV
AD3AA,1ST BN 50TH INF
AGMAA,2ND BN 5TH CAV
AGLAA,1ST BN 5TH CAV
AGMAA,2ND BN 5TH CAV
AGLAA,1ST BN 5TH CAV
AAXAA,229 ASLT HEL BN
AAWAA,228TH AVN BN
AAVAA,227 ASLT HEL BN
DMPAA,5TH BN 7TH CAV
AGNAA,2ND BN 7TH CAV
AGPAA,1ST BN 7TH CAV
AGQAA,8TH ENG BN
AGRAA,2ND BN 8TH AIRB
AGSAA,1ST BN 8TH AIRB
AGTAA,1ST SQ 9TH CAV
AGUAA,1ST BN 12THAIRB
AGVAA,13TH SIGAL BN
AGZAA,15 SUPAND SUCBN
AG2AA,2ND BN 19THARTY
AG3AA,2ND BN 20AERRKT
AG4AA,1ST BN 21STARTY
AG6AA,1ST BN 77THARTY
AG7AA,E BTRY 82 ARTY
AGNAA,2ND BN 7TH CAV
AGMAA,2ND BN 5TH CAV
AGLAA,1ST BN 5TH CAV
AD3AA,1ST BN 50TH INF
AGLAA,1ST BN 5TH CAV
AGFAA,HHC 1ST ABE
AGEAA,DIV TRNG CENTER
AD3AA,1ST BN 50TH INF
AGLAA,1ST BN 5TH CAV
C01AA,2ND BN 12TH CAV
AAVAA,227 ASLT HEL BN
AAXAA,229 ASLT HEL BN
AAVAA,227 ASLT HEL BN
DMPAA,5TH BN 7TH CAV
C01AA,2ND BN 12TH CAV
CYPAA,12TH AVN GP HHC
ARV01,1ST AVN DET ARV
AGNAA,2ND BN 7TH CAV
AGPAA,1ST BN 7TH CAV
AGQAA,8TH ENG BN
AGRAA,2ND BN 8TH AIRB
AGSAA,1ST BN 8TH AIRB
AGTAA,1ST SQ 9TH CAV
AGUAA,1ST BN 12THAIRB
AG2AA,2ND BN 19THARTY
AG3AA,2ND BN 20AERRKT
AG4AA,1ST BN 21STARTY
AG6AA,1ST BN 77THARTY
AGNAA,2ND BN 7TH CAV
AD3AA,1ST BN 50TH INF
AGNAA,2ND BN 7TH CAV
AGMAA,2ND BN 5TH CAV
AGNAA,2ND BN 7TH CAV
AGMAA,2ND BN 5TH CAV
AD3AA,1ST BN 50TH INF
AGMAA,2ND BN 5TH CAV
AD3AA,1ST BN 50TH INF
AGMAA,2ND BN 5TH CAV
AD3AA,1ST BN 50TH INF
AGMAA,2ND BN 5TH CAV
AD3AA,1ST BN 50TH INF
AGEAA,HHC
AD3AA,1ST BN 50TH INF
AGMAA,2ND BN 5TH CAV
AD3AA,1ST BN 50TH INF
AGMAA,2ND BN 5TH CAV
AD3AA,1ST BN 50TH INF
AGMAA,2ND BN 5TH CAV
AGLAA,1ST BN 5TH CAV
AGHAA,HHC 3RD BDE
AD3AA,1ST BN 50TH INF
AGHAA,HHC 3RD BDE
AGEAA,HHC
AD3AA,1ST BN 50TH INF
AGEAA,HHC
AD3AA,1ST BN 50TH INF
AGNAA,2ND BN 7TH CAV
AGPAA,1ST BN 7TH CAV
AGQAA,8TH ENG BN
AGRAA,2ND BN 8TH AIRB
AGSAA,1ST BN 8TH AIRB
AGTAA,1ST SQ 9TH CAV
AGUAA,1ST BN 12THAIRB
AGVAA,13TH SIGAL BN
AGZAA,15 SUPAND SUCBN
AG2AA,2ND BN 19THARTY
AG3AA,2ND BN 20AERRKT
AG4AA,1ST BN 21STARTY
AG6AA,1ST BN 77THARTY
AG7AA,E BTRY 82 ARTY
AGNAA,2ND BN 7TH CAV
AGMAA,2ND BN 5TH CAV
AGLAA,1ST BN 5TH CAV
AGEAA,DIV TRNG CENTER
AGFAA,HHC 1ST ABE
AGEAA,DIV TRNG CENTER
AGLAA,1ST BN 5TH CAV
AGFAA,HHC 1ST ABE
AGLAA,1ST BN 5TH CAV
DMPAA,5TH BN 7TH CAV
C01AA,2ND BN 12TH CAV
AAXAA,229 ASLT HEL BN
AAVAA,227 ASLT HEL BN
AAXAA,229 ASLT HEL BN
AAVAA,227 ASLT HEL BN
AAXAA,229 ASLT HEL BN
DMPAA,5TH BN 7TH CAV
C01AA,2ND BN 12TH CAV
ARV01,1ST AVN DET ARV
AD3AA,1ST BN 50TH INF
AGEAA,DIV TRNG CENTER
AGHAA,HHC 3RD BDE
AGLAA,1ST BN 5TH CAV
AGMAA,2ND BN 5TH CAV
AGNAA,2ND BN 7TH CAV
AGPAA,1ST BN 7TH CAV
AGQAA,8TH ENG BN
AGRAA,2ND BN 8TH AIRB
AGSAA,1ST BN 8TH AIRB
AGTAA,1ST SQ 9TH CAV
AGUAA,1ST BN 12THAIRB
AG2AA,2ND BN 19THARTY
AG3AA,2ND BN 20AERRKT
AG4AA,1ST BN 21STARTY
AG6AA,1ST BN 77THARTY
AD3AA,1ST BN 50TH INF
AAVAA,227 ASLT HEL BN
AAXAA,229 ASLT HEL BN
AAVAA,227 ASLT HEL BN
AAXAA,229 ASLT HEL BN
AD3AA,1ST BN 50TH INF
AAVAA,227 ASLT HEL BN
G39AA,E CO 52ND INF
DMPAA,5TH BN 7TH CAV
C01AA,2ND BN 12TH CAV
AAVAA,227 ASLT HEL BN
AAGAA,11TH SPT AVN CO
AAVAA,227 ASLT HEL BN
AAXAA,229 ASLT HEL BN
AAVAA,227 ASLT HEL BN
AAXAA,229 ASLT HEL BN
AAVAA,227 ASLT HEL BN
AAXAA,229 ASLT HEL BN
AAVAA,227 ASLT HEL BN
AAXAA,229 ASLT HEL BN
AAWAA,228TH AVN BN
AAVAA,227 ASLT HEL BN
DMPAA,5TH BN 7TH CAV
C01AA,2ND BN 12TH CAV
A2FAA,2ND BN 17 ARTY
C01AA,2ND BN 12TH CAV
ARV01,1ST AVN DET ARV
DMPAA,5TH BN 7TH CAV
C01AA,2ND BN 12TH CAV
A2FAA,2ND BN 17THARTY
AAGAA,11TH SPT AVN CO
AGNAA,2ND BN 7TH CAV
AGPAA,1ST BN 7TH CAV
AGRAA,2ND BN 8TH AIRB
AGSAA,1ST BN 8TH AIRB
AGTAA,1ST SQ 9TH CAV
AGUAA,1ST BN 12THAIRB
AG2AA,2ND BN 19THARTY
AG3AA,2ND BN 20AERRKT
AG4AA,1ST BN 21STARTY
AG6AA,1ST BN 77THARTY
AGNAA,2ND BN 7TH CAV
AGMAA,2ND BN 5TH CAV
AD3AA,1ST BN 50TH INF
AGMAA,2ND BN 5TH CAV
AGLAA,1ST BN 5TH CAV
AGHAA,HHC 3RD BDE
AD3AA,1ST BN 50TH INF
AAVAA,227 ASLT HEL BN
AAXAA,229 ASLT HEL BN
AAVAA,227 ASLT HEL BN
AAXAA,229 ASLT HEL BN
AAVAA,227 ASLT HEL BN
AAXAA,229 ASLT HEL BN
AAVAA,227 ASLT HEL BN
AAXAA,229 ASLT HEL BN
AAVAA,227 ASLT HEL BN
AAXAA,229 ASLT HEL BN
AAVAA,227 ASLT HEL BN
AAXAA,229 ASLT HEL BN
AAVAA,227 ASLT HEL BN
AAXAA,229 ASLT HEL BN
AGMAA,2ND BN 5TH CAV
AGNAA,2ND BN 7TH CAV
AGPAA,1ST BN 7TH CAV
AGQAA,8TH ENG BN
AGRAA,2ND BN 8TH AIRB
AGSAA,1ST BN 8TH AIRB
AGTAA,1ST SQ 9TH CAV
AGUAA,1ST BN 12THAIRB
AGVAA,13TH SIGAL BN
AGZAA,15 SUPAND SUCBN
AG2AA,2ND BN 19THARTY
AG3AA,2ND BN 20AERRKT
AG4AA,1ST BN 21STARTY
AG5AA,27TH MAINT BN
AG6AA,1ST BN 77THARTY
AG7AA,E BTRY 82 ARTY
AG8AA,545TH MP CO
AGMAA,2ND BN 5TH CAV
AGLAA,1ST BN 5TH CAV
AGHAA,HHC 3RD BDE
AD3AA,1ST BN 50TH INF
AGHAA,HHC 3RD BDE
AGFAA,HHC 1ST ABE
AD3AA,1ST BN 50TH INF
G39AA,E CO 52ND INF
AAVAA,227 ASLT HEL BN
AAGAA,11TH SPT AVN CO
AAVAA,227 ASLT HEL BN
G39AA,E CO 52ND INF
AAWAA,228TH AVN BN
AAVAA,227 ASLT HEL BN
AAXAA,229 ASLT HEL BN
AAWAA,228TH AVN BN
DMPAA,5TH BN 7TH CAV
AAVAA,227 ASLT HEL BN
AAXAA,229 ASLT HEL BN
AAVAA,227 ASLT HEL BN
AAXAA,229 ASLT HEL BN
AAVAA,227 ASLT HEL BN
AAXAA,229 ASLT HEL BN
AAVAA,227 ASLT HEL BN
AAXAA,229 ASLT HEL BN
AD3AA,1ST BN 50TH INF
AGEAA,HHC
AGHAA,HHC 3RD BDE
AGLAA,1ST BN 5TH CAV
AGMAA,2ND BN 5TH CAV
AGNAA,2ND BN 7TH CAV
AGPAA,1ST BN 7TH CAV
AGRAA,2ND BN 8TH AIRB
AGSAA,1ST BN 8TH AIRB
AGTAA,1ST SQ 9TH CAV
AGUAA,1ST BN 12THAIRB
AG2AA,2ND BN 19THARTY
AG3AA,2ND BN 20AERRKT
AG4AA,1ST BN 21STARTY
AG6AA,1ST BN 77THARTY
AAXAA,229 ASLT HEL BN
DMPAA,5TH BN 7TH CAV
C01AA,2ND BN 12TH CAV
CYPAA,12TH AVN GP HHC
C01AA,2ND BN 12TH CAV
ARV01,1ST AVN DET PRV
AGMAA,2ND BN 5TH CAV
AGNAA,2ND BN 7TH CAV
AGPAA,1ST BN 7TH CAV
AGQAA,8TH ENG BN
AGRAA,2ND BN 8TH AIRB
AGSAA,1ST BN 8TH AIRB
AGTAA,1ST SQ 9TH CAV
AGUAA,1ST BN 12THAIRB
AG2AA,2ND BN 19THARTY
AG3AA,2ND BN 20AERRKT
AG4AA,1ST BN 21STARTY
AG6AA,1ST BN 77THARTY
AG8AA,545TH MP CO
ARV01,1ST AVN DET
A2FAA,2ND BN 17THARTY
C01AA,2ND BN 12TH CAV
DMPAA,5TH BN 7TH CAV
AGMAA,2ND BN 5TH CAV
AGLAA,1ST BN 5TH CAV
AAXAA,229 ASLT HEL BN
AAWAA,228 ASLT HEL BN
AAVAA,227 ASLT HEL BN
C01AA,2ND BN 12TH CAV
A2FAA,2ND BN 17 ARTY
C01AA,2ND BN 12TH CAV
A2FAA,2ND BN 17 ARTY
C01AA,2ND BN 12TH CAV
A2FAA,2ND BN 17 ARTY
C01AA,2ND BN 12TH CAV
A2FAA,2ND BN 17 ARTY
C01AA,2ND BN 12TH CAV
AGLAA,1ST BN 5TH CAV
AGMAA,2ND BN 5TH CAV
AGNAA,2ND BN 7TH CAV
AGPAA,1ST BN 7TH CAV
AGRAA,2ND BN 8TH AIRB
AGSAA,1ST BN 8TH AIRB
AGTAA,1ST SQ 9TH CAV
AGUAA,1ST BN 12THAIRB
AG2AA,2ND BN 19THARTY
AG3AA,2ND BN 20AERRKT
AG4AA,1ST BN 21STARTY
AG6AA,1ST BN 77THARTY
AG8AA,545 MP CO
AGLAA,1ST BN 5TH CAV
AAVAA,227 ASLT HEL BN
AGLAA,1ST BN 5TH CAV
AGHAA,HHC 3RD BDE
AGLAA,1ST BN 5TH CAV
AGHAA,HHC 3RD BDE
AGLAA,1ST BN 5TH CAV
AGHAA,HHC 3RD BDE
AAXAA,229 ASLT HEL BN
AAVAA,227 ASLT HEL BN
AY6T3,3RD SQ
AY6T2,2ND SQ
AY6T1,1ST SQ
AY6AB,AIR CAV TRP
AY6T3,3RD SQ
AY6AB,AIR CAV TRP
AY6T1,1ST SQ
AY6AB,AIR CAV TRP
AY6T3,3RD SQ
AY6T2,2ND SQ
AY6T1,1ST SQ
AY6T2,2ND SQ
AY6T3,3RD SQ
AY6T1,1ST SQ
AY6AB,AIR CAV TRP
AY6T1,1ST SQ
AY6T2,2ND SQ
AY6T3,3RD SQ
AY6AB,AIR CAV TRP
AY6T1,1ST SQ
AY6T2,2ND SQ
AY6T3,3RD SQ
AY6AB,AIR CAV TRP
AY6T2,2ND SQ
AY6T1,1ST SQ
AY6AB,AIR CAV TRP
AY6T2,2ND SQ
AY6T1,1ST SQ
AY6AB,AIR CAV TRP
AY6T3,3RD SQ
AY6T2,2ND SQ
AY6T1,1ST SQ
AY6AB,AIR CAV TRP
AY6T1,1ST SQ
AY6T2,2ND SQ
AY6T1,1ST SQ
AY6T2,2ND SQ
AY6T3,3RD SQ
AY6T2,2ND SQ
AY6T1,1ST SQ
AY6AB,AIR CAV TRP
AY6T3,3RD SQ
AY6T2,2ND SQ
AY6T1,1ST SQ
AY6AB,AIR CAV TRP
AY6T1,1ST SQ
AY6AB,AIR CAV TRP
AY6T1,1ST SQ
AY6AB,AIR CAV TRP
AY6T1,1ST SQ
AY6T2,2ND SQ
AY6T3,3RD SQ
AY6T1,1ST SQ
AY6AB,AIR CAV TRP
AY6T3,3RD SQ
AY6T2,2ND SQ
AY6AB,AIR CAV TRP
AY6T1,1ST SQ
AY6AB,AIR CAV TRP
AY6T2,2ND SQ
AY6T1,1ST SQ
AY6T3,3RD SQ
AY6AB,AIR CAV TRP
AY6T1,1ST SQ
AY6AB,AIR CAV TRP
AY6T1,1ST SQ
AY6T3,3RD SQ
AY6T2,2ND SQ
AY6T1,1ST SQ
GZCAA,3RD BN 506 INF
ACGAA,1ST BN 327 INF
ACHAA,2ND BN 327 INF
ACMAA,1ST BN 501 INF
ACNAA,2ND BN 501 INF
ACPAA,1ST BN 502 INF
ACQAA,2ND BN 502 INF
ACRAA,1ST BN 506THINF
ACSAA,2ND 506TH INF
ACGAA,1ST BN 327 INF
ACDAA,1ST BN 321 ARTY
ACCAA,2ND BN 320 ARTY
ACBAA,2ND BN 319 ARTY
AB0AA,2ND SQ 17TH CAV
ACBAA,2ND BN 319 ARTY
AB3AA,101ST AVN BN
AB0AA,2ND SQ 17TH CAV
A9QAA,36TH CML DET
ACCAA,2ND BN 320 ARTY
ACDAA,1ST BN 321 ARTY
ACGAA,1ST BN 327 INF
ACHAA,2ND BN 327 INF
ACQAA,2ND BN 5020 INF
ACRAA,1ST BN 506THINF
ACCAA,2ND BN 320 ARTY
AB3AA,101ST AVN BN
AB0AA,2ND SQ 17TH CAV
GZCAA,3RE BN 506TH IN
ACHAA,2ND BN 327 INF
ACQAA,2ND BN 502 INF
ACRAA,1ST BN 506THINF
ACSAA,2ND 506TH INF
ACHAA,2ND BN 327 INF
ACGAA,1ST BN 327 INF
ACDAA,1ST BN 321 ARTY
ACCAA,2ND BN 320 ARTY
ACBAA,2ND BN 319 ARTY
ACCAA,2ND BN 320 ARTY
ACBAA,2ND BN 319 ARTY
ACAAA,3RD BN 187THINF
AB3AA,101ST AVN BN
AB0AA,2ND SQ 17TH CAV
GZCAA,3RD BN 506 INF
A9QAA,36TH CML DET
ACCAA,2ND BN 320 ARTY
ACGAA,1ST BN 327 INF
ACHAA,2ND BN 327 INF
ACQAA,2ND BN 502 INF
ACCAA,2ND BN 320 ARTY
GZCAA,3RD BN 506 INF
ACHAA,2ND BN 327 INF
ACQAA,2ND BN 5020 INF
ACHAA,2ND BN 327 INF
ACGAA,1ST BN 327 INF
ACCAA,2ND BN 320 ARTY
AB0AA,2ND SQ 17TH CAV
ACCAA,2ND BN 320 ARTY
ACGAA,1ST BN 327 INF
ACQAA,2ND BN 502 INF
ACCAA,2ND BN 320 ARTY
ACQAA,2ND BN 502 INF
ACHAA,2ND BN 327 INF
ACCAA,2ND BN 320 ARTY
ACHAA,2ND BN 327 INF
ACGAA,1ST BN 327 INF
ACCAA,2ND BN 320 ARTY
ACGAA,1ST BN 327 INF
ACCAA,2ND BN 320 ARTY
ACGAA,1ST BN 327 INF
ACRAA,1ST BN 506THINF
ACSAA,2ND 506TH INF
ACRAA,1ST BN 506THINF
ACQAA,2ND BN 502 INF
ACHAA,2ND BN 327 INF
ACGAA,1ST BN 327 INF
ACCAA,2ND BN 320 ARTY
ACAAA,3RD BN 187THINF
ACCAA,2ND BN 320 ARTY
ACAAA,3RD BN 187THINF
ACBAA,2ND BN 319 ARTY
ACAAA,3RD BN 187THINF
ACCAA,2ND BN 320 ARTY
ACBAA,2ND BN 319 ARTY
ACCAA,2ND BN 320 ARTY
ACBAA,2ND BN 319 ARTY
AB0AA,2ND SQ 17TH CAV
ACAAA,3RD BN 187THINF
AB7AA,101 ABN DIVARTY
AB6AA,HHC 3RD BDE
AB0AA,2ND SQ 17TH CAV
A9QAA,36TH CML DET
A9PAA,20 CML DET
GZCAA,3RD BN 506 INF
A9PAA,20TH CML DET
ACQAA,2ND BN 502 INF
ACHAA,2ND BN 327 INF
ACCAA,2ND BN 320 ARTY
ACGAA,1ST BN 327 INF
ACEAA,326TH EN BN
ACCAA,2ND BN 320 ARTY
ACHAA,2ND BN 327 INF
ACGAA,1ST BN 327 INF
ACCAA,2ND BN 320 ARTY
ACQAA,2ND BN 502 INF
ACHAA,2ND BN 327 INF
ACGAA,1ST BN 327 INF
ACEAA,A 326 EN BN
ACCAA,2ND BN 320 ARTY
A9PAA,20 CML DET
ACQAA,2ND BN 5020 INF
ACHAA,2ND BN 327 INF
ACGAA,1ST BN 327 INF
ACCAA,2ND BN 320 ARTY
ACGAA,1ST BN 327 INF
ACCAA,2ND BN 320 ARTY
ACHAA,2ND BN 327 INF
ACMAA,1ST BN 501 INF
ACNAA,2ND BN 501 INF
ACPAA,1ST BN 502 INF
ACQAA,2ND BN 502 INF
ACSAA,2ND 506TH INF
ACHAA,2ND BN 327 INF
ACGAA,1ST BN 327 INF
ACDAA,1ST BN 321 ARTY
AB3AA,101ST AVN BN
AB0AA,2ND SQ 17TH CAV
ACDAA,1ST BN 321 ARTY
ACCAA,2ND BN 320 ARTY
ACBAA,2ND BN 319 ARTY
AB7AA,101ST ABN DIV
ACBAA,2ND BN 319 ARTY
ACAAA,3RD BN 187 INF
AB7AA,101ST ABN DIV
AB0AA,2ND SQ 17TH CAV
GZCAA,3RE BN 506TH IN
ACTAA,801ST MAINT BN
ACSAA,2ND 506TH INF
ACRAA,1ST BN 506THINF
ACQAA,2ND BN 502 INF
ACGAA,1ST BN 327 INF
AB0AA,2ND SQ 17TH CAV
ACGAA,1ST BN 327 INF
AB0AA,2ND SQ 17TH CAV
ACGAA,1ST BN 327 INF
ACDAA,1ST 321ST ARTY
AB0AA,2ND SQ 17TH CAV
ACBAA,2ND BN 319 ARTY
AB7AA,101 ABN DIVARTY
AB6AA,HHC 3RD BDE
AB3AA,101ST AVN BN
AB0AA,2ND SQ 17TH CAV
ACDAA,1ST 321ST ARTY
ACBAA,2ND BN 319 ARTY
ACDAA,1ST 321ST ARTY
ACBAA,2ND BN 319 ARTY
ACDAA,1ST 321ST ARTY
ACCAA,2ND BN 320 ARTY
ACBAA,2ND BN 319 ARTY
GZCAA,3RD BN 506 INF
GZBAA,3RD BN 503RDINF
DMNAA,4TH BN 503 INF
ARPAA,2ND BN 503 INF
ARNAA,1ST BN 503 INF
ARMAA,3RD 319TH ARTY
ARHAA,E TRP 17TH CAV
ARGAA,16TH ARMOR CO
ARPAA,2ND BN 503 INF
ARNAA,1ST BN 503 INF
ARMAA,3RD BN 319 ARTY
ARKAA,173 ENG CO
ARHAA,E TRP 17TH CAV
ARGAA,D CO 16TH ARMOR
DMNAA,4TH BN 503 INF
GZBAA,3RD BN 503RDINF
DMNAA,4TH BN 503 INF
ARMAA,3RD BN 319 ARTY
ARNAA,1ST BN 503D INF
ARPAA,2ND BN 503D INF
ARMAA,3RD BN 319 ARTY
ARPAA,2ND BN 503 INF
ARNAA,1ST BN 503 INF
ARMAA,3RD BN 319 ARTY
ARLAA,173RD SPT BN
ARHAA,TRP E 17TH CAV
ARGAA,D CO 16TH ARMOR
DMNAA,4TH BN 503 INF
ARPAA,2ND BN 503 INF
ARNAA,1ST BN 503 INF
ARMAA,3RD BN 319 ARTY
ARHAA,TRPE 17TH CAB
ARNAA,1ST BN 503 INF
ARMAA,3RD BN 319 ARTY
ARHAA,TRP E 17TH CAV
ARGAA,D CO 16TH ARMOR
DMNAA,4TH BN 503 INF
ARPAA,2ND BN 503 INF
ARNAA,1ST BN 503 INF
ARMAA,3RD BN 319 ARTY
ARHAA,TRP E 17TH CAV
ARGAA,D CO 16TH ARMOR
ARPAA,2ND BN 503 INF
ARNAA,1ST BN 503 INF
ARMAA,3RD BN 319 ARTY
ARHAA,TRP E 17TH CAV
DMNAA,4TH BN 503 INF
ARPAA,2ND BN 503 INF
ARNAA,1ST BN 503 INF
ARMAA,3RD BN 319 ARTY
ARJAA,HHC 173RD BDE
ARHAA,TRP E 17TH CAV
GZBAA,3RD BN 503RDINF
ARPAA,2ND BN 503 INF
ARNAA,1ST BN 503 INF
ARMAA,3RD BN 319 ARTY
ARHAA,TRP E 17TH CAV
ARGAA,D CO 16TH ARMOR
GZBAA,3RD BN 503RDINF
DMNAA,4TH BN 503 INF
ARPAA,2ND BN 503 INF
ARNAA,1ST BN 503 INF
ARMAA,3RD BN 319 ARTY
ARLAA,173RD SPT BN
ARHAA,TRP E 17TH CAV
ARGAA,D CO 16TH ARMOR
GZBAA,3RD BN 503RDINF
ARPAA,2ND BN 503D INF
ARNAA,1ST BN 503 INF
ARMAA,3RD BN 319 ARTY
ARGAA,D CO 16TH ARMOR
FB1AA,2ND BN 1ST INF
FBGAA,F TRP 17TH CAV
FBVAA,3RD BN 21ST INF
FBWAA,4TH BN 31ST INF
FBVAA,3RD BN 21ST INF
FAXAA,8TH SPT BN
FBGAA,F TRP 17TH CAV
FAXAA,8TH SPT BN
FBVAA,3RD BN 21ST INF
FB1AA,2ND BN 1ST INF
FBWAA,4TH BN 31ST INF
FBVAA,3RD BN 21ST INF
FB1AA,2ND BN 1ST INF
FBWAA,4TH BN 31ST INF
FBVAA,3RD BN 21ST INF
FBGAA,F TRP 17TH CAV
FAXAA,8TH SPT BN
FBGAA,F TRP 17TH CAV
FBKAA,3RD BN 82THARTY
FBGAA,F TRP 17TH CAV
FBVAA,3RD BN 21ST INF
FBKAA,3RD BN 82THARTY
FBWAA,4TH BN 31ST INF
FB1AA,2ND BN 1ST INF
FBWAA,4TH BN 31ST INF
FAXAA,8TH SPT BN
FBWAA,4TH BN 31ST INF
FBVAA,3RD BN 21ST INF
FBKAA,3RD BN 82NDARTY
FBGAA,F TRP 17TH CAV
FBVAA,3RD BN 21ST INF
FBKAA,3RD BN 82NDARTY
FAXAA,8TH SPT BN
FBGAA,F TRP 17TH CAV
FB1AA,2ND BN 1ST INF
FBGAA,F TRP 17TH CAV
FBJAA,2ND BN 40THARTY
FB0AA,4TH BN 12TH INF
FAMAA,D CO 17TH CAV
FBJAA,2ND BN 40THARTY
FB0AA,4TH BN 12TH INF
FBNAA,7TH SPT BN
FB0AA,4TH BN 12TH INF
FBNAA,7TH SPT BN
FB0AA,4TH BN 12TH INF
FBJAA,2ND BN 40THARTY
FB0AA,4TH BN 12TH INF
FBJAA,2ND BN 40THARTY
FB0AA,4TH BN 12TH INF
FAMAA,D CO 17TH CAV
FBJAA,2ND BN 40THARTY
FBDAA,HHC 199TH INF
FBBAA,2ND BN 3RD INF
FAMAA,D CO 17TH CAV
FBBAA,2ND BN 3RD INF
GN7AA,152ND MP PLT
GK6AA,3RD BN 7TH INF
FAMAA,D CO 17TH CAV
FBJAA,2ND BN 40THARTY
FBBAA,2ND BN 3RD INF
FBJAA,2ND BN 40THARTY
FBBAA,2ND BN 3RD INF
FBJAA,2ND BN 40THARTY
FAMAA,D CO 17TH CAV
FBBAA,2ND BN 3RD INF
FBJAA,2ND BN 40THARTY
FAMAA,D CO 17TH CAV
FB0AA,4TH BN 12TH INF
FAMAA,D CO 17TH CAV
FB0AA,4TH BN 12TH INF
FBBAA,2ND BN 3RD INF
GK6AA,3RD BN 7TH INF
FB0AA,4TH BN 12TH INF
FBJAA,2ND BN 40THARTY
FAMAA,D CO 17TH CAV
FBBAA,2ND BN 3RD INF
FAMAA,D CO 17TH CAV
FBJAA,2ND BN 40THARTY
FBDAA,199TH INF BDE
FBBAA,2ND BN 3RD INF
FBJAA,2ND BN 40THARTY
FB0AA,4TH BN 12TH INF
FBJAA,2ND BN 40THARTY
FBBAA,2ND BN 3RD INF
FAMAA,D CO 17TH CAV
FBBAA,2ND BN 3RD INF
FAMAA,D CO 17TH CAV
FBJAA,2ND BN 40THARTY
FBBAA,2ND BN 3RD INF
GK6AA,3RD BN 7TH INF
G14AA,5TH BN 12TH INF
GK6AA,3RD BN 7TH INF
G14AA,5TH BN 12TH INF
G4FAA,71ST INF DET
G14AA,5TH BN 12TH INF
GK6AA,3RD BN 7TH INF
FBJAA,2ND BN 40THARTY
FBBAA,2ND BN 3RD INF
FBJAA,2ND BN 40THARTY
FBBAA,2ND BN 3RD INF
FBJAA,2ND BN 40THARTY
FBBAA,2ND BN 3RD INF
FBJAA,2ND BN 40THARTY
FBBAA,2ND BN 3RD INF
FB0AA,4TH BN 12TH INF
FBBAA,2ND BN 3RD INF
G4FAA,71ST INF DET
GK6AA,3RD BN 7TH INF
GN7AA,152ND MP PLT
GK6AA,3RD BN 7TH INF
FAMAA,D CO 17TH CAV
FBBAA,2ND BN 3RD INF
FBNAA,7TH SPT BN
FBJAA,2ND BN 40THARTY
FB0AA,4TH BN 12TH INF
FBBAA,2ND BN 3RD INF
FB0AA,4TH BN 12TH INF
FBBAA,2ND BN 3RD INF
FB0AA,4TH BN 12TH INF
FAMAA,D CO 17TH CAV
FB0AA,4TH BN 12TH INF
FBBAA,2ND BN 3RD INF
FAMAA,D CO 17TH CAV
G14AA,5TH BN 12TH INF
GK6AA,3RD BN 7TH INF
G14AA,5TH BN 12TH INF
GK6AA,3RD BN 7TH INF
G14AA,5TH BN 12TH INF
FBBAA,2ND BN 3RD INF
FAMAA,D CO 17TH CAV
FBJAA,2ND BN 40THARTY
FB0AA,4TH BN 12TH INF
FBBAA,2ND BN 3RD INF
FAMAA,D CO 17TH CAV
FB0AA,4TH BN 12TH INF
FBBAA,2ND BN 3RD INF
FBJAA,2ND BN 40THARTY
FB0AA,4TH BN 12TH INF
FBBAA,2ND BN 3RD INF
FB0AA,4TH BN 12TH INF
GK6AA,3RD BN 7TH INF
FBBAA,2ND BN 3RD INF
FAMAA,D CO 17TH CAV
FBBAA,2ND BN 3RD INF
FAMAA,D CO 17TH CAV
FBBAA,2ND BN 3RD INF
FB0AA,4TH BN 12TH INF
FBBAA,2ND BN 3RD INF
FBJAA,2ND BN 40THARTY
GN3AA,503RD CML DET
GK6AA,3RD BN 7TH INF
G14AA,5TH BN 12TH INF
GK6AA,3RD BN 7TH INF
G14AA,5TH BN 12TH INF
GK6AA,3RD BN 7TH INF
G14AA,5TH BN 12TH INF
GK6AA,3RD BN 7TH INF
G14AA,5TH BN 12TH INF
GK6AA,3RD BN 7TH INF
FBBAA,2ND BN 3RD INF
FAMAA,D CO 17TH CAV
FBJAA,2ND BN 40THARTY
FB0AA,4TH BN 12TH INF
FBJAA,2ND BN 40THARTY
FB0AA,4TH BN 12TH INF
FBJAA,2ND BN 40THARTY
FB0AA,4TH BN 12TH INF
FBJAA,2ND BN 40THARTY
G4FAA,71ST INF DET
GK6AA,3RD BN 7TH INF
GN3AA,503RD CML DET
GK6AA,3RD BN 7TH INF
FB0AA,4TH BN 12TH INF
FBBAA,2ND BN 3RD INF
FBJAA,2ND BN 40THARTY
FBBAA,2ND BN 3RD INF
FB0AA,4TH BN 12TH INF
FBJAA,2ND BN 40THARTY
FB0AA,4TH BN 12TH INF
FBJAA,2ND BN 40THARTY
FB0AA,4TH BN 12TH INF
FBJAA,2ND BN 40THARTY
G4FAA,71ST INF DET
GK6AA,3RD BN 7TH INF
G4FAA,71ST INF DET
GK6AA,3RD BN 7TH INF
FBJAA,2ND BN 40THARTY
FBBAA,2ND BN 3RD INF
FB0AA,4TH BN 12TH INF
FBJAA,2ND BN 40THARTY
FBBAA,2ND BN 3RD INF
FAMAA,D CO 17TH CAV
FBJAA,2ND BN 40THARTY
FAMAA,D CO 17TH CAV
FBJAA,2ND BN 40THARTY
FBBAA,2ND BN 3RD INF
FJGAA,282 AIR MOB CO
FJFAA,281 AIR MOB CO
FELAA,162 AIR MOB CO
GPPAA,334 LT OBSN CO
AAMAA,3RD SQ 17TH CAV
GPPAA,334 LT OBSN CO
AAMAA,3RD SQ 17TH CAV
GPPAA,334 LT OBSN CO
AAMAA,3RD SQ 17TH CAV
GPPAA,334 LT OBSN CO
GPQAA,335 AIR MOB CO
GPPAA,334 LT OBSN CO
AAMAA,3RD SQ 17TH CAV
GPQAA,335 AIR MOB CO
AAMAA,3RD SQ 17TH CAV
GPPAA,334 LT OBSN CO
AAMAA,3RD SQ 17TH CAV
DYBAA,240 AIR MOB CO
DUWAA,190TH ASLT HEL
DUVAA,189 ASLT HEL CO
DUUAA,188TH AVN CO
DUTAA,187 AVN CO
DUSAA,25TH AVN BN
DQLAA,213 MDM HEL CO
CXYAA,220 LT SURVL CO
C5LAA,180 MDM HEL CO
DDSAA,184 LT SURVL CO
CXYAA,220 LT SURVL CO
CXDAA,219 LT SURVL CO
CXYAA,220 LT SURVL CO
CXDAA,219 LT SURVL CO
C41AA,173 AIR MOB CO
C02AA,131 SURVL CO
C08AA,135 ASLT HEL CO
C06AA,147 MDM HEL CO
C08AA,135 ASLT HEL CO
C41AA,173 AIR MOB CO
CXYAA,220 LT SURVL CO
C41AA,173 AIR MOB CO
C3JAA,129 AIR MOB CO
C3HAA,128 AIR MOB CO
C3FAA,68 AIR MOB CO
C08AA,135 ASLT HEL CO
C3FAA,68 AIR MOB CO
C08AA,135 ASLT HEL CO
C3FAA,68 AIR MOB CO
CXYAA,220 LT SURVL CO
CXDAA,219 LT SURVL CO
AAMAA,3RD SQ 17TH CAV
G3ZAA,164TH AVN GP
AAMAA,3RD SQ 17TH CAV
G30AA,307 CBT AVN BN
G3ZAA,164TH AVN GP
G30AA,307 CBT AVN BN
GZ6AA,7 ARM SQ 1STCAV
G3ZAA,164TH AVN GP
GZ6AA,7 ARM SQ 1STCAV
AAMAA,3RD SQ 17TH CAV
G3ZAA,164TH AVN GP
AAMAA,3RD SQ 17TH CAV
G3ZAA,164TH AVN GP
GPQAA,335 AIR MOB CO
GPPAA,334 LT OBSN CO
G3ZAA,164TH AVN GP
GPPAA,334 LT OBSN CO
G30AA,307 CBT AVN BN
G3ZAA,164TH AVN GP
GPPAA,334 LT OBSN CO
G3ZAA,164TH AVN GP
AZNAA,7TH SQ 17TH CAC
AYVAA,74 LT SURVL CO
AYBAA,120 AIR MOB CO
AX1AA,13TH AVN BN
AYBAA,120 AIR MOB CO
AX1AA,13TH AVN BN
AYBAA,120 AIR MOB CO
AX1AA,13TH AVN BN
AYBAA,120 AIR MOB CO
AX1AA,13TH AVN BN
AYBAA,120 AIR MOB CO
AX9AA,118 AIR MOB CO
AX1AA,13TH AVN BN
ARTAA,71 ASLT HEL CO
DLJAA,222 CBT SPT AVN
C3HAA,128 AIR MOB CO
C3JAA,129 AIR MOB CO
C41AA,173 AIR MOB CO
C44AA,176TH AVN CO
C5JAA,178TH AVN CO
DDSAA,184 LT SURVL CO
C3HAA,128 AIR MOB CO
C06AA,147 MDM HEL CO
CXDAA,219 LT SURVL CO
C07AA,134TH AVN CO
C06AA,147 MDM HEL CO
C3HAA,128 AIR MOB CO
CXDAA,219 LT SURVL CO
C3HAA,128 AIR MOB CO
C3GAA,116 AIR MOB CO
CXDAA,219 LT SURVL CO
C3GAA,116 AIR MOB CO
C3FAA,68 AIR MOB CO
C3EAA,48TH ASLT HELCO
CXDAA,219 LT SURVL CO
C3EAA,48TH ASLT HELCO
C08AA,135 ASLT HEL CO
C07AA,134TH AVN CO
C06AA,147 MDM HEL CO
AYMAA,17TH ASLT HELCO
AYBAA,120 AIR MOB CO
AX2AA,HHD 14TH AVN BN
AX8AA,117TH AVN CO
AX2AA,HHD 14TH AVN BN
AX9AA,118 AIR MOB CO
AYBAA,120 AIR MOB CO
AX9AA,118 AIR MOB CO
AZNAA,7TH SQ 17TH CAC
DUTAA,187 AVN CO
DQLAA,213 MDM HEL CO
DUWAA,190TH ASLT HEL
DUTAA,187 AVN CO
DYBAA,240 AIR MOB CO
DU6AA,205 ASLT HEL CO
DU3AA,200 ASLT HEL CO
DU0AA,195TH ASLT HEL
D8NAA,273 ASLT HEL CO
DU0AA,195TH ASLT HEL
DUYAA,192 ASLT HEL CO
DUXAA,191ST ASLT HEL
DUWAA,190TH ASLT HEL
DYDAA,242 ASLT HEL CO
DYBAA,240 AIR MOB CO
FELAA,162 AIR MOB CO
FJGAA,282 ASLT HEL CO
FJFAA,281 AIR MOB CO
FJGAA,282 ASLT HEL CO
GPPAA,334 LT OBSN CO
GPQAA,335 AIR MOB CO
GPPAA,334 LT OBSN CO
AAMAA,3RD SQ 17TH CAV
GPPAA,334 LT OBSN CO
AAMAA,3RD SQ 17TH CAV
DYBAA,240 AIR MOB CO
DU7AA,HHC 269TH CAV
DU2AA,268TH AVN BN
DUWAA,190TH ASLT HEL
DUTAA,187 AVN CO
DQLAA,213 MDM HEL CO
DDSAA,184 LT SURVL CO
C5LAA,180 MDM HEL CO
C5JAA,178TH AVN CO
C44AA,176TH AVN CO
C42AA,174TH AVN CO
C41AA,173 AIR MOB CO
C3JAA,129 AIR MOB CO
C3HAA,128 AIR MOB CO
C3GAA,116 AIR MOB CO
C3FAA,68 AIR MOB CO
C3EAA,48TH ASLT HELCO
CXYAA,220 LT SURVL CO
C3EAA,48TH ASLT HELCO
C08AA,135 ASLT HEL CO
CXYAA,220 LT SURVL CO
C08AA,135 ASLT HEL CO
CXYAA,220 LT SURVL CO
C08AA,135 ASLT HEL CO
CXDAA,219 LT SURVL CO
C08AA,135 ASLT HEL CO
CXDAA,219 LT SURVL CO
CXYAA,220 LT SURVL CO
CXDAA,219 LT SURVL CO
CXYAA,220 LT SURVL CO
CXDAA,219 LT SURVL CO
C08AA,135 ASLT HEL CO
CXYAA,220 LT SURVL CO
C08AA,135 ASLT HEL CO
C06AA,147 MDM HEL CO
CXYAA,220 LT SURVL CO
C06AA,147 MDM HEL CO
CXYAA,220 LT SURVL CO
C06AA,147 MDM HEL CO
CXYAA,220 LT SURVL CO
AYWAA,221 RECON APLCO
AYVAA,74TH AVN CO
AYMAA,17TH ASLT HELCO
AZNAA,7TH SQ 17TH CAC
AYMAA,17TH ASLT HELCO
ARTAA,71 ASLT HEL CO
AYMAA,17TH ASLT HELCO
AYBAA,120 AIR MOB CO
ARTAA,71 ASLT HEL CO
AYBAA,120 AIR MOB CO
AX9AA,118 AIR MOB CO
AX8AA,117TH AVN CO
AX2AA,HHD 14TH AVN BN
FELAA,162 AIR MOB CO
FJFAA,281 AIR MOB CO
FELAA,162 AIR MOB CO
FJGAA,282 ASLT HEL CO
FJFAA,281 AIR MOB CO
G30AA,307 CBT AVN BN
AAMAA,3RD SQ 17TH CAV
G30AA,307 CBT AVN BN
G3ZAA,164TH AVN GP
GZ6AA,7 ARM SQ 1STCAV
G3ZAA,164TH AVN GP
GZ6AA,7 ARM SQ 1STCAV
G3ZAA,164TH AVN GP
GPPAA,334 LT OBSN CO
G3ZAA,164TH AVN GP
GPPAA,334 LT OBSN CO
G3ZAA,164TH AVN GP
GPPAA,334 LT OBSN CO
G3ZAA,164TH AVN GP
GPQAA,335 AIR MOB CO
G3ZAA,164TH AVN GP
GPQAA,335 AIR MOB CO
GPPAA,334 LT OBSN CO
G3ZAA,164TH AVN GP
GZ6AA,7 ARM SQ 1STCAV
AYMAA,17TH ASLT HELCO
AYVAA,74 LT SURVL CO
AYMAA,17TH ASLT HELCO
AYBAA,120 AIR MOB CO
AX9AA,118TH AIR MOBCO
AX8AA,117TH AVN CO
AX2AA,14TH AVN BN
ARTAA,71 ASLT HEL CO
AX2AA,14TH AVN BN
AX1AA,13TH AVN BN
ARTAA,71 ASLT HEL CO
AX1AA,13TH AVN BN
ARTAA,71 ASLT HEL CO
AX1AA,13TH AVN BN
AZNAA,7TH SQ 17TH CAC
C44AA,176TH AVN CO
C5JAA,178TH AVN CO
C5LAA,180 MDM HEL CO
C7ZAA,155TH AVN CO
DDRAA,183RD AVN CO
DDSAA,184 LT SURVL CO
C44AA,176TH AVN CO
C3HAA,128 AIR MOB CO
C44AA,176TH AVN CO
C3HAA,128 AIR MOB CO
CXDAA,219 LT SURVL CO
C41AA,173 AIR MOB CO
C3JAA,129 AIR MOB CO
C42AA,174TH AVN CO
CXDAA,219 LT SURVL CO
C42AA,174TH AVN CO
CXDAA,219 LT SURVL CO
C42AA,174TH AVN CO
C41AA,173 AIR MOB CO
CXDAA,219 LT SURVL CO
C41AA,173 AIR MOB CO
CXDAA,219 LT SURVL CO
C44AA,176TH AVN CO
C42AA,174TH AVN CO
C07AA,134TH AVN CO
C06AA,147 MDM HEL CO
C3FAA,68 AIR MOB CO
C3EAA,48TH ASLT HELCO
C08AA,135 ASLT HEL CO
C07AA,134TH AVN CO
C3HAA,128 AIR MOB CO
C3GAA,116 AIR MOB CO
C3FAA,68 AIR MOB CO
FAKAA,11TH AVN BN
AZNAA,7TH SQ 17TH CAC
C08AA,135 ASLT HEL CO
C3EAA,48TH ASLT HELCO
C3FAA,68 AIR MOB CO
C3HAA,128 AIR MOB CO
C3JAA,129 AIR MOB CO
C41AA,173 AIR MOB CO
C44AA,176TH AVN CO
C5JAA,178TH AVN CO
C5LAA,180 MDM HEL CO
DDSAA,184 LT SURVL CO
C08AA,135 ASLT HEL CO
CXDAA,219 LT SURVL CO
C08AA,135 ASLT HEL CO
C07AA,134TH AVN CO
C06AA,147 MDM HEL CO
CXDAA,219 LT SURVL CO
DQLAA,213 MDM HEL CO
DUTAA,187 AVN CO
DQLAA,213 MDM HEL CO
DUTAA,187 AVN CO
DUYAA,192 ASLT HEL CO
DUXAA,191ST ASLT HEL
DUWAA,190TH ASLT HEL
DUTAA,187 AVN CO
DYDAA,242 ASLT HEL CO
DYBAA,240 AIR MOB CO
DU0AA,195TH ASLT HEL
DUYAA,192 ASLT HEL CO
GPPAA,334 LT OBSN CO
AAMAA,3RD SQ 17TH CAV
GPPAA,334 LT OBSN CO
AAMAA,3RD SQ 17TH CAV
GPPAA,334 LT OBSN CO
GPQAA,335 AIR MOB CO
GPPAA,334 LT OBSN CO
AAMAA,3RD SQ 17TH CAV
GPQAA,335 AIR MOB CO
AAMAA,3RD SQ 17TH CAV
FELAA,162 AIR MOB CO
FJGAA,282 AIR MOB CO
FJFAA,281 AIR MOB CO
FJGAA,282 AIR MOB CO
FJFAA,281 AIR MOB CO
FELAA,162 AIR MOB CO
DLJAA,222ND AVN BN
DUTAA,187 AVN CO
DQLAA,213 MDM HEL CO
DYDAA,242 ASLT HEL CO
DYBAA,240 AIR MOB CO
DUVAA,189 ASLT HEL CO
DUUAA,188TH AVN CO
DUTAA,187 AVN CO
CXDAA,219 LT SURVL CO
CXYAA,220 LT SURVL CO
CXDAA,219 LT SURVL CO
C02AA,131 SURVL CO
C3FAA,68 AIR MOB CO
C3EAA,48TH ASLT HELCO
C08AA,135 ASLT HEL CO
C06AA,147 MDM HEL CO
C02AA,131 SURVL CO
C41AA,173 AIR MOB CO
C3JAA,129 AIR MOB CO
C3HAA,128 AIR MOB CO
C3GAA,116 AIR MOB CO
C3FAA,68 AIR MOB CO
DDSAA,184 LT SURVL CO
C5LAA,180 MDM HEL CO
C41AA,173 AIR MOB CO
DDSAA,184 LT SURVL CO
AYMAA,17TH ASLT HELCO
AYBAA,120 AIR MOB CO
AX9AA,118 AIR MOB CO
ARTAA,71 ASLT HEL CO
AX9AA,118 AIR MOB CO
AX8AA,117TH AVN CO
ARTAA,71 ASLT HEL CO
AYVAA,74 LT SURVL CO
AYMAA,17TH ASLT HELCO
AYBAA,120 AIR MOB CO
AX9AA,118 AIR MOB CO
AX8AA,117TH AVN CO
AX1AA,13TH AVN BN
FJGAA,282ND ASLT HEL
FJFAA,281 AIR MOB CO
FELAA,162 AIR MOB CO
FJGAA,282 ASLT HEL CO
FJFAA,281 AIR MOB CO
FELAA,162 AIR MOB CO
GZ6AA,7 ARM SQ 1STCAV
G3ZAA,164TH AVN GP
GZ6AA,7 ARM SQ 1STCAV
G3ZAA,164TH AVN GP
GZ6AA,7 ARM SQ 1STCAV
GPPAA,334 LT OBSN CO
G3ZAA,164TH AVN GP
GPPAA,334 LT OBSN CO
G3ZAA,164TH AVN GP
GPPAA,334 LT OBSN CO
13PAA,USARV FLT DET
G3ZAA,164TH AVN GP
FELAA,162 AIR MOB CO
FJFAA,281 AIR MOB CO
FELAA,162 AIR MOB CO
FJGAA,282 AIR MOB CO
FJFAA,281 AIR MOB CO
G3ZAA,164TH AVN GP
GPPAA,334 LT OBSN CO
G3ZAA,164TH AVN GP
GPPAA,334 LT OBSN CO
G3ZAA,164TH AVN GP
GPQAA,335 AIR MOB CO
GPPAA,334 LT OBSN CO
G3ZAA,164TH AVN GP
AAMAA,3RD SQ 17TH CAV
G3ZAA,164TH AVN GP
GPQAA,335 AIR MOB CO
AAMAA,3RD SQ 17TH CAV
DDSAA,184 LT SURVL CO
C3EAA,48TH ASLT HELCO
C08AA,135 ASLT HEL CO
C3EAA,48TH ASLT HELCO
C08AA,135 ASLT HEL CO
C3GAA,116 AIR MOB CO
C3FAA,68 AIR MOB CO
C3EAA,48TH ASLT HELCO
CYPAA,12TH AVN GP
CXYAA,220 LT SURVL CO
C3EAA,48TH ASLT HELCO
C08AA,135 ASLT HEL CO
C3EAA,48TH ASLT HELCO
CXDAA,219 LT SURVL CO
CXYAA,220 LT SURVL CO
CXDAA,219 LT SURVL CO
DDSAA,184 LT SURVL CO
C5LAA,180 MDM HEL CO
C5JAA,178TH AVN CO
C44AA,176TH AVN CO
C06AA,147 MDM HEL CO
C07AA,134TH AVN CO
C06AA,147 MDM HEL CO
C08AA,135 ASLT HEL CO
C07AA,134TH AVN CO
C44AA,176TH AVN CO
C42AA,174TH AVN CO
C41AA,173 AIR MOB CO
C3JAA,129 AIR MOB CO
C3HAA,128 AIR MOB CO
C3GAA,116 AIR MOB CO
C08AA,135 ASLT HEL CO
DYDAA,242ND AVN BN
DYBAA,240 AIR MOB CO
DU0AA,195TH ASLT HEL
FAKAA,11TH AVN BN
DU0AA,195TH ASLT HEL
DUYAA,192ND ASLT HEL
DUXAA,191ST ASLT HEL
DUWAA,190TH ASLT HEL
DUTAA,187 AVN CO
DQLAA,213 MDM HEL CO
DUTAA,187TH AVN CO
DQLAA,213 MDM HEL CO
DYBAA,240 AIR MOB CO
FELAA,162 AIR MOB CO
DYBAA,240 AIR MOB CO
DU3AA,200TH AVN CO
DUWAA,190 AIR MOB CO
FJFAA,281 AIR MOB CO
FJGAA,282 AIR MOB CO
DUWAA,190 AIR MOB CO
DUUAA,188TH AVN CO
DUTAA,187TH AVN CO
GPPAA,334 LT OBSN CO
GPQAA,335 AIR MOB CO
GPPAA,334 LT OBSN CO
GPQAA,335 AIR MOB CO
GPPAA,334 LT OBSN CO
CXDAA,219 LT SURVL CO
C02AA,131 SURVL CO
CXDAA,219 LT SURVL CO
C02AA,131 SURVL CO
CXYAA,220 LT SURVL CO
CXDAA,219 LT SURVL CO
C3FAA,68TH AIR MOB CO
C3EAA,48TH AVN CO
C5LAA,180 MDM HEL CO
DDSAA,184 LT SURVL CO
C3EAA,48TH AVN CO
CXYAA,220 LT SURVL CO
C3EAA,48TH AVN CO
CXYAA,220 LT SURVL CO
C3EAA,48TH AVN CO
C06AA,147 MDM HEL CO
C02AA,131 SURVL CO
CXYAA,220 LT SURVL CO
C41AA,173 AIR MOB CO
C3JAA,129 AIR MOB CO
C3HAA,128 AIR MOB CO
C3GAA,116 AIR MOB CO
C3FAA,68TH AIR MOB CO
CXDAA,219 LT SURVL CO
AYVAA,74 LT SURVL CO
AYBAA,120 AIR MOB CO
AX9AA,118TH AIR MOBCO
AX8AA,117TH AVN CO
AX1AA,13TH AVN BN
AYVAA,74 LT SURVL CO
AYUAA,73RD AVN CO
AYBAA,120 AIR MOB CO
AX9AA,118 AIR MOB CO
AX8AA,117TH AVN CO
AX1AA,13TH AVN BN
ARTAA,71 ASLT HEL CO
AX1AA,13TH AVN BN
ARTAA,71 ASLT HEL CO
AX1AA,13TH AVN BN
ARTAA,71 ASLT HEL CO
AX1AA,13TH AVN BN
AZNAA,7TH SQ 17TH CAC
ARTAA,71 ASLT HEL CO
AZNAA,7TH SQ 17TH CAC
ARTAA,71 ASLT HEL CO
AYVAA,74TH AVN CO
AYMAA,17TH AVN BN
ARTAA,71 ASLT HEL CO
AYMAA,17TH AVN BN
AYBAA,120 AIR MOB CO
AX9AA,118 AIR MOB CO
AX8AA,117TH AVN CO
DLJAA,222 CBT SPT AVN
ARBAA,478TH AVN CO
AZNAA,7TH SQ 17TH CAC
ARTAA,71 ASLT HEL CO
AZNAA,7TH SQ 17TH CAC
AYWAA,221 RECON APLCO
AZNAA,7TH SQ 17TH CAC
AYWAA,221 RECON APLCO
AYMAA,17TH ASLT HELCO
AZNAA,7TH SQ 17TH CAC
ARTAA,71 ASLT HEL CO
AYMAA,17TH ASLT HELCO
AX9AA,118 AIR MOB CO
AX8AA,117TH AVN CO
AX2AA,HHD 14TH AVN BN
ARTAA,71 ASLT HEL CO
C3EAA,48TH ASLT HELCO
C3FAA,68 AIR MOB CO
C3GAA,116 AIR MOB CO
C3HAA,128 AIR MOB CO
C3JAA,129 AIR MOB CO
C41AA,173 AIR MOB CO
C42AA,174TH AVN CO
C44AA,176TH AVN CO
C5JAA,178TH AVN CO
C5LAA,180 MDM HEL CO
C7ZAA,155TH AVN CO
DDRAA,183RD AVN CO
DDSAA,184 LT SURVL CO
C08AA,135 ASLT HEL CO
C07AA,134TH AVN CO
C08AA,135 ASLT HEL CO
C07AA,134TH AVN CO
C06AA,147 MDM HEL CO
C07AA,134TH AVN CO
C06AA,147 MDM HEL CO
C07AA,134TH AVN CO
CXDAA,219 LT SURVL CO
C07AA,134TH AVN CO
CXDAA,219 LT SURVL CO
C08AA,135 ASLT HEL CO
C07AA,134TH AVN CO
DYDAA,242 ASLT HEL CO
D3KAA,H BTRY 29 ARTY
D5RAA,185TH AVN CO
DYDAA,242 ASLT HEL CO
DYBAA,240 AIR MOB CO
DX2AA,203RD AVN CO
DX1AA,199TH AVN CO
DU6AA,205 ASLT HEL CO
DU0AA,195TH ASLT HEL
DUYAA,192 ASLT HEL CO
DUXAA,191ST ASLT HEL
DUWAA,190TH ASLT HEL
DUUAA,188TH AVN CO
DUTAA,187 AVN CO
AAMAA,3RD SQ 17TH CAV
G30AA,307 CBT AVN BN
G3ZAA,164TH AVN GP
GPPAA,334 LT OBSN CO
G3ZAA,164TH AVN GP
GPPAA,334 LT OBSN CO
G3ZAA,164TH AVN GP
GPPAA,334 LT OBSN CO
G3ZAA,164TH AVN GP
GZ6AA,7 ARM SQ 1STCAV
G3ZAA,164TH AVN GP
GZ6AA,7 ARM SQ 1STCAV
G3ZAA,164TH AVN GP
GZ6AA,7 ARM SQ 1STCAV
G3ZAA,164TH AVN GP
GZ6AA,7 ARM SQ 1STCAV
G3ZAA,164TH AVN GP
GZ6AA,7 ARM SQ 1STCAV
G3ZAA,164TH AVN GP
GPPAA,334 LT OBSN CO
FELAA,162 AIR MOB CO
FJFAA,281 AIR MOB CO
FJGAA,282 ASLT HEL CO
FELAA,162 AIR MOB CO
D8NAA,273 ASLT HEL CO
D5RAA,185TH AVN CO
D3KAA,H BTRY 29 ARTY
D5RAA,185TH AVN CO
DLJAA,222 CBT SPT AVN
DYDAA,242 ASLT HEL CO
DYBAA,240 AIR MOB CO
DX2AA,203RD AVN CO
DX1AA,199TH AVN CO
DU6AA,205 ASLT HEL CO
DU3AA,200 ASLT HEL CO
DU0AA,195TH ASLT HEL
DUYAA,192 ASLT HEL CO
DUWAA,190TH ASLT HEL
DUUAA,188TH AVN CO
DUTAA,187 AVN CO
C3FAA,68TH AIR MOB CO
C3GAA,116 AIR MOB CO
C3HAA,128 AIR MOB CO
C3JAA,129 AIR MOB CO
C41AA,173 AIR MOB CO
C42AA,174TH AVN CO
C44AA,176TH AVN CO
C5JAA,178TH AVN CO
DDSAA,184 LT SURVL CO
DQLAA,213 MDN HEL CO
DUTAA,187 AVN CO
DU3AA,200 AVN CO
DYBAA,240 AIR MOB CO
FELAA,162 AIR MOB CO
FEXAA,161 AIR MOB CO
FJGAA,282 AIR MOB CO
GPPAA,334 LT OBSN CO
C3FAA,68TH AIR MOB CO
C3EAA,48TH ASLT HELCO
C06AA,147 MDM HEL CO
C02AA,131 LT SURVL CO
CXYAA,220 LT SURVL CO
CXDAA,219 LT SURVL CO
AYVAA,74TH AVN CO
AYUAA,73RD AVN CO
AYFAA,21ST AVN CO
AYBAA,120 AIR MOB CO
AX9AA,118 AIR MOB CO
AX1AA,13TH AVN BN
ARTAA,71ST AVN CO
AX1AA,13TH AVN BN
ARTAA,71ST AVN CO
AX1AA,6TH BN 56THARTY
AX2AA,14TH AVN BN
AX8AA,117TH AVN CO
AX9AA,118 AIR MOB CO
AYBAA,120 AIR MOB CO
AYFAA,1ST AVN CO
AYVAA,74 LT SURVL CO
ARTAA,71 ASLT HEL CO
DDSAA,184 LT SURVL CO
CXDAA,219 LT SURVL CO
DDSAA,184 LT SURVL CO
C02AA,131 SURVL CO
CXDAA,219 LT SURVL CO
DDSAA,184 LT SURVL CO
CYNAA,145 AVN BN
DDSAA,184 LT SURVL CO
CYNAA,145 AVN BN
CXYAA,220 LT SURVL CO
DDSAA,184 LT SURVL CO
C5LAA,180 MDM HEL CO
C5JAA,178TH AVN CO
C44AA,176TH AVN CO
C42AA,174TH AVN CO
CXDAA,219 LT SURVL CO
CXYAA,220 LT SURVL CO
CXDAA,219 LT SURVL CO
CXYAA,220 LT SURVL CO
C42AA,174TH AVN CO
C41AA,173 AIR MOB CO
C3JAA,129 AIR MOB CO
C3HAA,128 AIR MOB CO
C3GAA,116 AIR MOB CO
C3FAA,68 AIR MOB CO
C06AA,147 MDM HEL CO
C02AA,131 SURVL CO
GPPAA,334 LT OBSN CO
GPQAA,335 AIR MOB CO
GPPAA,334 LT OBSN CO
GPQAA,335 AIR MOB CO
GPPAA,334 LT OBSN CO
GPQAA,335 AIR MOB CO
GPPAA,334 LT OBSN CO
FELAA,162 AIR MOB CO
FEXAA,161ST AVN CO
FELAA,162 AIR MOB CO
FJGAA,282 AIR MOB CO
FJFAA,281 AIR MOB CO
DYBAA,240 AIR MOB CO
DU3AA,200TH AVN CO
DUUAA,188TH AVN CO
DUTAA,187TH AVN CO
DQLAA,213 MDM HEL CO
C41AA,173 AIR MOB CO
C3JAA,129 AIR MOB CO
C08AA,135 ASLT HEL CO
C3GAA,116 AIR MOB CO
C3FAA,68TH AIR MOB CO
C3EAA,48TH ASLT HELCO
DDSAA,184 LT SURVL CO
C3EAA,48TH ASLT HELCO
C08AA,135 ASLT HEL CO
C3JAA,129 AIR MOB CO
CXYAA,220 LT SURVL CO
C3JAA,129 AIR MOB CO
C07AA,134TH AVN CO
C08AA,135 ASLT HEL CO
C07AA,134TH AVN CO
C3JAA,129 AIR MOB CO
C06AA,147 MDM HEL CO
C07AA,134TH AVN CO
C06AA,147 MDM HEL CO
C3JAA,129 AIR MOB CO
C3HAA,128 AIR MOB CO
C07AA,134TH AVN CO
CXYAA,220 LT SURVL CO
CXDAA,219 LT SURVL CO
CXYAA,220 LT SURVL CO
CXDAA,219 LT SURVL CO
CXYAA,220 LT SURVL CO
CXDAA,219 LT SURVL CO
CXYAA,220 LT SURVL CO
C3HAA,128 AIR MOB CO
C3GAA,116 AIR MOB CO
G3ZAA,164TH AVN GP
AAWAA,1ST AVN DET
GPPAA,334 LT OBSN CO
AAMAA,3RD SQ 17TH CAV
GPQAA,335 AIR MOB CO
GPPAA,334 LT OBSN CO
AAMAA,3RD SQ 17TH CAV
G3ZAA,164TH AVN GP
AAMAA,3RD SQ 17TH CAV
G3ZAA,164TH AVN GP
AAMAA,3RD SQ 17TH CAV
G3ZAA,164TH AVN GP
AAMAA,3RD SQ 17TH CAV
G3ZAA,164TH AVN GP
AAMAA,3RD SQ 17TH CAV
G3ZAA,164TH AVN GP
AAMAA,3RD SQ 17TH CAV
G3ZAA,164TH AVN GP
FJFAA,281 AIR MOB CO
FELAA,162 AIR MOB CO
FJGAA,282 AIR MOB CO
FJFAA,281 AIR MOB CO
FJGAA,282 AIR MOB CO
FJFAA,281 AIR MOB CO
FELAA,162 AIR MOB CO
FJGAA,282 AIR MOB CO
FELAA,162 AIR MOB CO
FJGAA,282 AIR MOB CO
FELAA,162 AIR MOB CO
DYBAA,240 AIR MOB CO
DU6AA,205 ASLT HEL CO
DYBAA,240 AIR MOB CO
FAKAA,11TH AVN BN
DYBAA,240 AIR MOB CO
DYDAA,242 ASLT HEL CO
DYBAA,240 AIR MOB CO
DU6AA,205 ASLT HEL CO
DU0AA,195TH ASLT HEL
DUYAA,192 ASLT HEL CO
DUXAA,191ST ASLT HEL
DUWAA,190 AIR MOB CO
DUTAA,187TH AVN CO
DQLAA,213 MDM HEL CO
D3EAA,1ST BN 27 ARTY
D3HAA,8TH BN 4TH ARTY
D3EAA,1ST BN 27 ARTY
D3HAA,8TH BN 4TH ARTY
FTJAA,7TH BN 9TH ARTY
FQJAA,5TH BN 2ND ARTY
FUZAA,4TH BN 60THARTY
GBTAA,5TH BN 22NDARTY
FQJAA,5TH BN 2ND ARTY
FNDAA,7TH BN 13 ARTY
FQJAA,5TH BN 2ND ARTY
FNDAA,7TH BN 13 ARTY
DFSAA,1ST BN 40THARTY
DD1AA,1ST BN 44THARTY
DNNAA,2ND BN 94THARTY
D3EAA,1ST BN 27THARTY
DNNAA,2ND BN 94THARTY
FTJAA,7TH BN 9TH ARTY
FNDAA,7TH BN 13THARTY
DNNAA,2ND BN 94 ARTY
DFSAA,1ST BN 40THARTY
A2AAA,2ND BN 32NDARTY
A2CAA,3RD BN 6TH ARTY
A2EAA,2ND BN 13THARTY
A2GAA,5TH BN 27THARTY
A2HAA,2ND BN 11THARTY
A2JAA,3RD BN 16THARTY
A2LAA,1ST BN 30THARTY
A2NAA,1ST BN 92NDARTY
A2SAA,2ND BN 35THARTY
DFSAA,1ST BN 40THARTY
DNNAA,2ND BN 94THARTY
D3EAA,1ST BN 27THARTY
FNDAA,7TH BN 13THARTY
FTJAA,7TH BN 9TH ARTY
FUZAA,4TH BN 60THARTY
A2AAA,2ND BN 32NDARTY
A18AA,6TH BN 14THARTY
A11AA,1ST BN 83RDARTY
A1TAA,6TH BN 32THARTY
A1SAA,6TH BN 27THARTY
A1RAA,3RD BN 18THARTY
A1MAA,7TH BN 15 ARTY
A1LAA,7TH BN 8TH ARTY
A2AAA,2ND BN 32NDARTY
A2CAA,3RD BN 6TH ARTY
A2EAA,2ND BN 13THARTY
A2AAA,2ND BN 32NDARTY
A18AA,6TH BN 14THARTY
A11AA,1ST BN 83RDARTY
A1TAA,6TH BN 32NDARTY
A1SAA,6TH BN 27THARTY
A2GAA,5TH BN 27THARTY
A2HAA,2ND BN 11THARTY
A2JAA,3RD BN 16THARTY
A2KAA,6TH BN 16THARTY
A2LAA,1ST BN 30THARTY
A2NAA,1ST BN 92NDARTY
A2SAA,2ND BN 35THARTY
A1SAA,6TH BN 27THARTY
A1TAA,6TH BN 32NDARTY
A1SAA,6TH BN 27THARTY
A1RAA,3RD BN 18THARTY
A1MAA,7TH BN 15THARTY
A1LAA,7TH BN 8TH ARTY
D3EAA,1ST BN 27 ARTY
D3HAA,8TH BN 4TH ARTY
D3EAA,1ST BN 27 ARTY
E8RAA,6TH BN 33RDARTY
E8SAA,5TH BN 42NDARTY
E8TAA,6TH BN 84 ARTY
D3EAA,1ST BN 27 ARTY
DNNAA,2ND BN 94 ARTY
FUZAA,4TH BN 60THARTY
GBTAA,5TH BN 22NDARTY
FUZAA,4TH BN 60THARTY
FTJAA,7TH BN 9TH ARTY
FNDAA,7TH BN 13 ARTY
FTJAA,7TH BN 9TH ARTY
FQJAA,5TH BN 2ND ARTY
FNDAA,7TH BN 13 ARTY
E8TAA,6TH BN 84 ARTY
E8SAA,5TH BN 42NDARTY
E8RAA,6TH BN 33RDARTY
D3HAA,8TH BN 4TH ARTY
D3EAA,1ST BN 27 ARTY
D3HAA,8TH BN 4TH ARTY
D3EAA,1ST BN 27 ARTY
D3HAA,8TH BN 4TH ARTY
DFSAA,1ST BN 40 ARTY
DD1AA,1ST BN 44 ARTY
A2SAA,2ND BN 35 ARTY
DD1AA,1ST BN 44 ARTY
A2SAA,2ND BN 35 ARTY
A2NAA,1ST BN 92 ARTY
A2LAA,1ST BN 30 ARTY
A2NAA,1ST BN 92 ARTY
A2LAA,1ST BN 30 ARTY
A1MAA,7TH BN 15  ARTY
AV1AA,6TH BN 56AIRDEF
A1MAA,7TH BN 15  ARTY
A1SAA,6TH BN 27 ARTY
A1TAA,6TH BN 32 ARTY
A11AA,1ST BN 83 ARTY
A18AA,6TH BN 14 ARTY
A2AAA,2ND BN 32 ARTY
A2CAA,3RD BN 6TH ARTY
A2EAA,2ND BN 13 ARTY
A2FAA,2ND BN 17 ARTY
A2GAA,5TH BN 27THARTY
A1MAA,7TH BN 15  ARTY
A1LAA,7TH BN 8TH ARTY
DNNAA,2ND BN 94 ARTY
A1MAA,7TH BN 15  ARTY
AV1AA,6TH BN 56THARTY
A1MAA,7TH BN 15  ARTY
AV1AA,6TH BN 56THARTY
A1MAA,7TH BN 15  ARTY
A1LAA,7TH BN 8TH ARTY
A1TAA,6TH BN 32 ARTY
A11AA,1ST BN 83 ARTY
A18AA,6TH BN 14 ARTY
A2AAA,2ND BN 32 ARTY
A2CAA,3RD BN 6TH ARTY
A2EAA,2ND BN 13THARTY
A2FAA,2ND BN 17 ARTY
A2GAA,5TH BN 27THARTY
A1TAA,6TH BN 32 ARTY
AV1AA,6TH BN 56THARTY
A1TAA,6TH BN 32 ARTY
A1SAA,6TH BN 27 ARTY
A1MAA,7TH BN 15THARTY
A1LAA,7TH BN 8TH ARTY
A0XAA,HHB 23RD ARTY
A2CAA,3RD BN 6TH ARTY
A2EAA,2ND BN 13 ARTY
A2CAA,3RD BN 6TH ARTY
A2AAA,2ND BN 32 ARTY
A2GAA,5TH BN 27THARTY
A2AAA,2ND BN 32 ARTY
A18AA,6TH BN 14 ARTY
A11AA,1ST BN 83 ARTY
A1TAA,6TH BN 32 ARTY
A2KAA,6TH BN 16THARTY
A2LAA,1ST BN 30 ARTY
A2NAA,1ST BN 92 ARTY
A2SAA,2ND BN 35 ARTY
A1TAA,6TH BN 32 ARTY
A1SAA,6TH BN 27 ARTY
A1TAA,6TH BN 32 ARTY
A1SAA,6TH BN 27 ARTY
A2AAA,2ND BN 32NDARTY
A2CAA,3RD BN 6TH ARTY
A2EAA,2ND BN 13THARTY
A2AAA,2ND BN 32NDARTY
A18AA,6TH BN 14THARTY
A11AA,1ST BN 83RDARTY
A1TAA,6TH BN 32NDARTY
A1SAA,6TH BN 27THARTY
A2GAA,5TH BN 27THARTY
A1SAA,6TH BN 27THARTY
A1RAA,3RD BN 18THARTY
A2JAA,3RD BN 16THARTY
A2KAA,6TH BN 16THARTY
A2LAA,1ST BN 30THARTY
A2NAA,1ST BN 92NDARTY
A2SAA,2ND BN 35THARTY
A1RAA,3RD BN 18THARTY
A1MAA,7TH BN 15THARTY
A1LAA,7TH BN 8TH ARTY
DFSAA,1ST BN 40THARTY
DD1AA,1ST BN 44THARTY
D3EAA,1ST BN 27THARTY
FNDAA,7TH BN 13THARTY
FQJAA,5TH BN 2ND ARTY
FTJAA,7TH BN 9TH ARTY
D3EAA,1ST BN 27THARTY
DNNAA,2ND BN 94THARTY
D3EAA,1ST BN 27THARTY
D3HAA,8TH BN 4TH ARTY
D3EAA,1ST BN 27 ARTY
D3HAA,8TH BN 4TH ARTY
D3EAA,1ST BN 27 ARTY
DFSAA,1ST BN 40 ARTY
DD1AA,1ST BN 44 ARTY
FUZAA,4TH BN 60THARTY
GBTAA,5TH BN 22NDARTY
FUZAA,4TH BN 60THARTY
FTJAA,7TH BN 9TH ARTY
FNDAA,7TH BN 13 ARTY
FTJAA,7TH BN 9TH ARTY
FQJAA,5TH BN 2ND ARTY
FTJAA,7TH BN 9TH ARTY
FQJAA,5TH BN 2ND ARTY
FTJAA,7TH BN 9TH ARTY
FQJAA,5TH BN 2ND ARTY
FTJAA,7TH BN 9TH ARTY
FQJAA,5TH BN 2ND ARTY
FNDAA,7TH BN 13 ARTY
FQJAA,5TH BN 2ND ARTY
FNDAA,7TH BN 13 ARTY
FQJAA,5TH BN 2ND ARTY
FNDAA,7TH BN 13 ARTY
FQJAA,5TH BN 2ND ARTY
FNDAA,7TH BN 13 ARTY
DNNAA,2ND BN 94 ARTY
GBTAA,5TH BN 22NDARTY
FUZAA,4TH BN 60THARTY
FNDAA,7TH BN 13 ARTY
FTJAA,7TH BN 9TH ARTY
FNDAA,7TH BN 13 ARTY
FUZAA,4TH BN 60THARTY
FTJAA,7TH BN 9TH ARTY
FUZAA,4TH BN 60THARTY
FTJAA,7TH BN 9TH ARTY
FNDAA,7TH BN 13 ARTY
FTJAA,7TH BN 9TH ARTY
FNDAA,7TH BN 13 ARTY
FTJAA,7TH BN 9TH ARTY
FNDAA,7TH BN 13 ARTY
FTJAA,7TH BN 9TH ARTY
FQJAA,5TH BN 2ND ARTY
FNDAA,7TH BN 13 ARTY
FQJAA,5TH BN 2ND ARTY
FTJAA,7TH BN 9TH ARTY
FUZAA,4TH BN 60THARTY
GBTAA,5TH BN 22NDARTY
FTJAA,7TH BN 9TH ARTY
FQJAA,5TH BN 2ND ARTY
FNDAA,7TH BN 13 ARTY
FTJAA,7TH BN 9TH ARTY
FQJAA,5TH BN 2ND ARTY
FNDAA,7TH BN 13 ARTY
AV1AA,6TH BN 56THARTY
A0XAA,HHB 23RD ARTY
A1LAA,7TH BN 8TH ARTY
A1MAA,7TH BN 15  ARTY
DD1AA,1ST BN 44THARTY
DFSAA,1ST BN 40THARTY
DD1AA,1ST BN 44THARTY
DFSAA,1ST BN 40THARTY
A2KAA,6TH BN 16THARTY
A2LAA,1ST BN 30THARTY
A2KAA,6TH BN 16THARTY
A2SAA,2ND BN 35THARTY
A2NAA,1ST BN 92NDARTY
A2LAA,1ST BN 30THARTY
D3EAA,1ST BN 27THARTY
DNNAA,2ND BN 94 ARTY
FQJAA,5TH BN 2ND ARTY
FTJAA,7TH BN 9TH ARTY
FUZAA,4TH BN 60THARTY
FQJAA,5TH BN 2ND ARTY
FNDAA,7TH BN 13THARTY
FQJAA,5TH BN 2ND ARTY
FNDAA,7TH BN 13THARTY
D3EAA,1ST BN 27 ARTY
DQ7AA,G BTRY 55THARTY
D3EAA,1ST BN 27 ARTY
D3HAA,8TH BN 4TH ARTY
E8RAA,6TH BN 33RDARTY
D3EAA,1ST BN 27 ARTY
DFSAA,1ST BN 40 ARTY
A2KAA,6TH BN 16THARTY
A2LAA,1ST BN 30 ARTY
A2KAA,6TH BN 16THARTY
A2LAA,1ST BN 30 ARTY
DFSAA,1ST BN 40 ARTY
A2SAA,2ND BN 35 ARTY
DFSAA,1ST BN 40 ARTY
A2SAA,2ND BN 35 ARTY
DFSAA,1ST BN 40 ARTY
A2SAA,2ND BN 35 ARTY
A2LAA,1ST BN 30 ARTY
A2SAA,2ND BN 35 ARTY
A2NAA,1ST BN 92 ARTY
A2LAA,1ST BN 30 ARTY
DFSAA,1ST BN 40 ARTY
DD1AA,1ST BN 44 ARTY
A2KAA,6TH BN 16THARTY
DD1AA,1ST BN 44 ARTY
A2KAA,6TH BN 16THARTY
A1SAA,6TH BN 27 ARTY
A1TAA,6TH BN 32 ARTY
A11AA,1ST BN 83 ARTY
A18AA,6TH BN 14 ARTY
A2AAA,2ND BN 32 ARTY
A2CAA,3RD BN 6TH ARTY
A2EAA,2ND BN 13 ARTY
A2FAA,2ND BN 17 ARTY
A2GAA,5TH BN 27THARTY
A1SAA,6TH BN 27 ARTY
A1MAA,7TH BN 15  ARTY
A1LAA,7TH BN 8TH ARTY
A02AA,HHB 52ND ARTYGP
DNNAA,2ND BN 94 ARTY
DFSAA,1ST BN 40 ARTY
DD1AA,1ST BN 44 ARTY
A1RAA,3RD BN 18THARTY
A1SAA,6TH BN 27 ARTY
A1TAA,6TH BN 32 ARTY
A11AA,1ST BN 83 ARTY
A18AA,6TH BN 14 ARTY
A2AAA,2ND BN 32 ARTY
A2CAA,3RD BN 6TH ARTY
A2EAA,2ND BN 13THARTY
A2FAA,2ND BN 17 ARTY
A2GAA,5TH BN 27THARTY
A1RAA,3RD BN 18THARTY
A2JAA,3RD BN 16THARTY
A2KAA,6TH BN 16THARTY
A2LAA,1ST BN 30THARTY
A2NAA,1ST BN 92NDARTY
A2SAA,2ND BN 35THARTY
A1RAA,3RD BN 18THARTY
A1MAA,7TH BN 15  ARTY
A1LAA,7TH BN 8TH ARTY
FUZAA,4TH BN 60THARTY
GBTAA,5TH BN 22NDARTY
FUZAA,4TH BN 60THARTY
FNDAA,7TH BN 13 ARTY
FTJAA,7TH BN 9TH ARTY
FQJAA,5TH BN 2ND ARTY
FNDAA,7TH BN 13 ARTY
FQJAA,5TH BN 2ND ARTY
FNDAA,7TH BN 13 ARTY
A11AA,1ST BN 83 ARTY
A18AA,6TH BN 14 ARTY
A2AAA,2ND BN 32 ARTY
A2CAA,3RD BN 6TH ARTY
A2EAA,2ND BN 13 ARTY
A2FAA,2ND BN 17 ARTY
A2GAA,5TH BN 27THARTY
A11AA,1ST BN 83 ARTY
A1TAA,6TH BN 32 ARTY
A1SAA,6TH BN 27 ARTY
A1MAA,7TH BN 15  ARTY
A2LAA,1ST BN 30 ARTY
A2NAA,1ST BN 92 ARTY
A2SAA,2ND BN 35 ARTY
A1MAA,7TH BN 15  ARTY
A1LAA,7TH BN 8TH ARTY
DFSAA,1ST BN 40 ARTY
DD1AA,1ST BN 44 ARTY
DNNAA,2ND BN 94 ARTY
D3EAA,1ST BN 27 ARTY
D3HAA,8TH BN 4TH ARTY
D3EAA,1ST BN 27 ARTY
DNNAA,2ND BN 94 ARTY
FUZAA,4TH BN 60THARTY
FTJAA,7TH BN 9TH ARTY
FNDAA,7TH BN 13 ARTY
FTJAA,7TH BN 9TH ARTY
FQJAA,5TH BN 2ND ARTY
FTJAA,7TH BN 9TH ARTY
FQJAA,5TH BN 2ND ARTY
FNDAA,7TH BN 13 ARTY
FQJAA,5TH BN 2ND ARTY
FNDAA,7TH BN 13 ARTY
FQJAA,5TH BN 2ND ARTY
FNDAA,7TH BN 13 ARTY
FQJAA,5TH BN 2ND ARTY
FNDAA,7TH BN 13 ARTY
D3HAA,8TH BN 4TH ARTY
D3EAA,1ST BN 27 ARTY
E8TAA,6TH BN 84 ARTY
E8RAA,6TH BN 33RDARTY
D3HAA,8TH BN 4TH ARTY
D3EAA,1ST BN 27 ARTY
A1MAA,7TH BN 15  ARTY
A1SAA,6TH BN 27 ARTY
A1TAA,6TH BN 32 ARTY
A11AA,1ST BN 83 ARTY
A18AA,6TH BN 14 ARTY
A2AAA,2ND BN 32 ARTY
A2CAA,3RD BN 6TH ARTY
A2EAA,2ND BN 13 ARTY
A2FAA,2ND BN 17 ARTY
A2GAA,5TH BN 27THARTY
A1MAA,7TH BN 15  ARTY
A1LAA,7TH BN 8TH ARTY
DFSAA,1ST BN 40 ARTY
A2LAA,1ST BN 30 ARTY
A2KAA,6TH BN 16THARTY
DFSAA,1ST BN 40 ARTY
A2LAA,1ST BN 30 ARTY
DFSAA,1ST BN 40 ARTY
A2KAA,6TH BN 16THARTY
DFSAA,1ST BN 40 ARTY
A2KAA,6TH BN 16THARTY
DFSAA,1ST BN 40 ARTY
A2LAA,1ST BN 30 ARTY
DFSAA,1ST BN 40 ARTY
A2SAA,2ND BN 35 ARTY
A2LAA,1ST BN 30 ARTY
A2NAA,1ST BN 92 ARTY
A2LAA,1ST BN 30 ARTY
DD1AA,1ST BN 44 ARTY
A2SAA,2ND BN 35 ARTY
A2NAA,1ST BN 92 ARTY
DNNAA,2ND BN 94 ARTY
A11AA,1ST BN 83 ARTY
A18AA,6TH BN 14 ARTY
A2AAA,2ND BN 32 ARTY
A2CAA,3RD BN 6TH ARTY
A2EAA,2ND BN 13 ARTY
A11AA,1ST BN 83 ARTY
A1TAA,6TH BN 32 ARTY
AV1AA,6TH BN 56THARTY
A1TAA,6TH BN 32 ARTY
A1SAA,6TH BN 27 ARTY
A1RAA,3RD BN 18THARTY
A1MAA,7TH BN 15  ARTY
A2GAA,5TH BN 27THARTY
A1MAA,7TH BN 15  ARTY
A1LAA,7TH BN 8TH ARTY
A2JAA,3RD BN 16THARTY
A2KAA,6TH BN 16THARTY
A2LAA,1ST BN 30THARTY
A2NAA,1ST BN 92NDARTY
A2SAA,2ND BN 35THARTY
A1LAA,7TH BN 8TH ARTY
DFSAA,1ST BN 40 ARTY
DD1AA,1ST BN 44 ARTY
DNNAA,2ND BN 94 ARTY
D3HAA,8TH BN 4TH ARTY
DNNAA,2ND BN 94 ARTY
D3EAA,1ST BN 27 ARTY
DNNAA,2ND BN 94 ARTY
D3EAA,1ST BN 27 ARTY
FNDAA,7TH BN 13 ARTY
FQJAA,5TH BN 2ND ARTY
FTJAA,7TH BN 9TH ARTY
FUZAA,4TH BN 60THARTY
FNDAA,7TH BN 13 ARTY
A2FAA,2ND BN 17 ARTY
A2GAA,5TH BN 27THARTY
A2FAA,2ND BN 17 ARTY
A2EAA,2ND BN 13 ARTY
A1TAA,6TH BN 32 ARTY
A11AA,1ST BN 83 ARTY
A1TAA,6TH BN 32 ARTY
A2EAA,2ND BN 13 ARTY
A2CAA,3RD BN 6TH ARTY
A2KAA,6TH BN 16THARTY
A2LAA,1ST BN 30 ARTY
A2NAA,1ST BN 92 ARTY
A2SAA,2ND BN 35 ARTY
A2CAA,3RD BN 6TH ARTY
A2AAA,2ND BN 32 ARTY
A11AA,1ST BN 83 ARTY
A2AAA,2ND BN 32 ARTY
A18AA,6TH BN 14 ARTY
A11AA,1ST BN 83 ARTY
A1TAA,6TH BN 32 ARTY
A11AA,1ST BN 83 ARTY
A1SAA,6TH BN 27 ARTY
A11AA,1ST BN 83 ARTY
A1SAA,6TH BN 27 ARTY
A1TAA,6TH BN 32 ARTY
A1SAA,6TH BN 27 ARTY
A1TAA,6TH BN 32 ARTY
A1SAA,6TH BN 27 ARTY
BXAAA,504TH BN
CXGAA,615TH MP CO
BXAAA,504TH BN
BXCAA,CO A 716TH MP
BXDAA,720TH MP BN
BXCAA,CO A 716TH MP
D5PAA,127TH MP CO
CXGAA,615TH MP CO
BXDAA,720TH MP BN
BXCAA,CO A 716TH MP
FPDAA,527TH MP CO
FNUAA,93RD MP CO
FTNAA,58TH INF
FTTAA,87TH INF CO D
FTQAA,CO C 52ND INF
FTNAA,58TH INF
BXDAA,720TH MP BN
BXCAA,CO A 716TH MP
BXAAA,504TH BN
C4VAA,66TH MP CO
DFGAA,89TH MP CO
BXCAA,CO A 716TH MP
BXDAA,720TH MP BN
BXCAA,CO A 716TH MP
BXDAA,720TH MP BN
BYFAA,557TH MP CO
BXDAA,720TH MP BN
BXAAA,504TH BN
BXDAA,720TH MP BN
BXAAA,504TH BN
CXGAA,615TH MP CO
FPDAA,527TH MP CO
FTTAA,87TH INF CO D
FTQAA,CO C 52ND INF
FTNAA,58TH INF
FNUAA,93RD MP CO
FNWAA,177TH MP CO
FTQAA,CO C 52ND INF
FTNAA,58TH INF
FTUAA,D CO 51ST INF
FTQAA,CO C 52ND INF
FPDAA,527TH MP CO
FTNAA,58TH INF
FTTAA,87TH INF CO D
FTQAA,CO C 52ND INF
FTNAA,58TH INF
CXGAA,615TH MP CO
D5PAA,127TH MP CO
FTUAA,51ST IN CO
CXGAA,615TH MP CO
BXAAA,504TH BN
BYFAA,557TH MP CO
BXTAA,212TH MP CO
BXDAA,720TH MP BN
BXCAA,CO A 716TH MP
BXAAA,504TH BN
BXCAA,CO A 716TH MP
BXDAA,720TH MP BN
BXCAA,CO A 716TH MP
FNUAA,93RD MP CO
FPDAA,527TH MP CO
FNWAA,177TH MP CO
FNUAA,93RD MP CO
FTNAA,58TH INF
FTQAA,CO C 52ND INF
FTNAA,58TH INF
D5PAA,127TH MP CO
BXAAA,504TH BN
CXGAA,615TH MP CO
BXAAA,504TH MP BDE
FTUAA,D CO 51ST INF
CXGAA,615TH MP CO
FPDAA,527TH MP CO
FTTAA,87TH INF CO D
FTSAA,87TH INF CO C
FTRAA,52ND INF CO
FTQAA,CO C 52ND INF
D5PAA,127TH MP CO
DZNAA,34TH EN BN
FU0AA,E BTRY 41ST MG
B0YAA,3RD ORD BN AMMO
FUDAA,588 SUPPORT CO
CKZAA,HHD 11TH BN
B0YAA,3RD ORD BN AMMO
CEGAA,53 SC BN CORPS
AZ8AA,70TH EN BN
AZVAA,37TH COMBAT EN
B0YAA,3RD ORD BN AMMO
A0FAA,299TH EN BN
AZ8AA,70TH EN BN
AZ2AA,20TH EN BN
AZVAA,37TH COMBAT EN
CPNAA,1099 TRANS CO
CEGAA,53RD SIG CP BN
DZNAA,34TH EN BN
CPNAA,1099 TRANS CO
B0YAA,3RD ORD BN AMMO
A0FAA,299TH EN BN
AZ8AA,70TH EN BN
AZ2AA,20TH EN BN
AZVAA,37TH COMBAT EN
B0YAA,3RD ORD BN AMMO
AZ8AA,70TH EN BN
AZ2AA,20TH EN BN
CEGAA,53RD SIG CP BN
CPNAA,1099 TRANS CO
AZ2AA,20TH EN BN
AZVAA,37TH COMBAT EN
B0YAA,3RD ORD BN AMMO
CEGAA,53RD SIG CP BN
B75AB,170TH AMMO BN
B75AA,170TH AMMO BN
B7VAB,133RD AMMO BN
B7VAA,133RD AMMO BN
B06AA,184TH AMMO BN
B7VAA,133RD AMMO BN
B6PAB,44TH ORD BN
B6PAA,44TH ORD BN
B6MAB,42ND ORD BN
B6MAA,42ND ORD BN
B06AB,184TH AMMO BN
B06AA,184TH AMMO BN
BGUAB,1ST LOG CMD
BGUAA,1ST LOG CMD
FMVAB,191ST AMMO BN
FMVAA,191ST AMMO BN
FFFAB,25TH AMMO BN
FFFAA,25TH AMMO BN
B7VAB,133RD AMMO BN
B7VAA,133RD AMMO BN
B6PAB,44TH ORD BN
B6PAA,44TH ORD BN
B6MAB,42ND AMMO BN
B6MAA,42ND AMMO BN
B0YAC,3RD ORD BN AMMO
B0YAB,3RD ORD BN AMMO
BGUAA,1ST LOG CMD
B0YAB,3RD ORD BN AMMO
B6MAB,42ND ORD BN
B6MAA,42ND ORD BN
B0YAC,3RD ORD BN AMMO
B0YAB,3RD ORD BN AMMO
B7VAB,133RD AMMO BN
B75AB,170TH AMMO BN
B75AA,170TH AMMO BN
B7VAB,133RD AMMO BN
BV6AB,191ST ORD BN
BV6AA,191ST ORD BN
B7VAB,133RD AMMO BN
B7VAA,133RD AMMO BN
B6PAB,44TH ORD BN
B6PAA,44TH ORD BN
B6MAB,42ND ORD BN
B7VAB,133RD AMMO BN
B7VAA,133RD AMMO BN
B06AA,184TH AMMO BN
B7VAA,133RD AMMO BN
B06AB,184TH AMMO BN
B06AA,184TH AMMO BN
FMVAA,191ST AMMO BN
FMVAB,191ST AMMO BN
FMVAA,191ST AMMO BN
FFFAA,25TH ORD BN
FFFAB,25TH ORD BN
FMVAB,191ST AMMO BN
FMVAA,191ST AMMO BN
B06AA,184TH AMMO BN
B7VAA,133RD AMMO BN
B6PAB,44TH ORD BN
B6PAA,44TH ORD BN
B06AB,184TH AMMO BN
B06AA,184TH AMMO BN
B7VAB,133RD AMMO BN
B7VAA,133RD AMMO BN
FMVAB,191ST AMMO BN
FMVAA,191ST AMMO BN
FMVAB,191ST AMMO BN
FMVAA,191ST AMMO BN
FFFAB,25TH ORD BN
FFFAA,25TH ORD BN
FFFAB,25TH ORD BN
FFFAA,25TH ORD BN
FMVAB,191ST AMMO BN
FMVAA,191ST AMMO BN
B06AA,184TH AMMO BN
B06AB,184TH AMMO BN
B06AA,184TH AMMO BN
B7VAB,133RD AMMO BN
B7VAA,133RD AMMO BN
B6PAB,44TH ORD BN
B6PAA,44TH ORD BN
B6MAB,42ND ORD BN
B6MAA,42ND ORD BN
B06AB,184TH AMMO BN
FMVAB,191ST AMMO BN
FMVAA,191ST AMMO BN
B75AB,170TH AMMO BN
B75AA,170TH AMMO BN
B7VAB,133RD AMMO BN
B7VAA,133RD AMMO BN
B6MAB,42ND AMMO BN
B6MAA,42ND AMMO BN
B06AB,184TH AMMO BN
B6MAB,42ND AMMO BN
B0YAC,3RD ORD BN AMMO
B0YAB,3RD ORD BN AMMO
B6MAB,42ND AMMO BN
B6MAA,42ND AMMO BN
B6MAB,42ND AMMO BN
B6MAA,42ND AMMO BN
B06AA,184TH AMMO BN
B0YAC,3RD ORD BN AMMO
B06AB,184TH AMMO BN
B06AA,184TH AMMO BN
B75AA,170TH ORD BN
B7VAB,133RD AMMO BN
B7VAA,133RD AMMO BN
B6PAB,44TH ORD BN
B0YAB,3RD ORD BN
B6PAB,44TH ORD BN
B6PAA,44TH ORD BN
B6MAB,42ND ORD BN
B6MAA,42ND ORD BN
B06AB,184TH AMMO BN
B06AA,184TH AMMO BN
B0YAC,3RD ORD BN
B0YAB,3RD ORD BN
B7VAA,133RD AMMO BN
B06AA,184TH AMMO BN
B7VAB,133RD AMMO BN
B7VAA,133RD AMMO BN
B6MAA,42ND AMMO BN
B6MAB,42ND AMMO BN
B6PAA,44TH AMMO BN
B6PAB,44TH AMMO BN
B7LAA,85TH AMMO BN
B7LAB,85TH AMMO BN
B7VAA,133RD AMMO BN
B7VAB,133RD AMMO BN
B75AA,170TH AMMO BN
B75AB,170TH AMMO BN
B6MAA,42ND AMMO BN
B0YAB,3RD AMMO BN
B6MAA,42ND AMMO BN
B06AB,184TH AMMO BN
B06AA,184TH AMMO BN
B0YAC,3RD AMMO BN
B0YAB,3RD AMMO BN
FFFAB,25TH AMMO BN
FMVAB,191ST AMMO BN
FMVAA,191ST AMMO BN
FMVAB,191ST AMMO BN
FMVAA,191ST AMMO BN
FFFAA,25TH AMMO BN
FFFAB,25TH AMMO BN
FFFAA,25TH ORD BN
FMVAB,191ST AMMO BN
FMVAA,191ST AMMO BN
FFFAB,25TH ORD BN
FFFAA,25TH ORD BN
FK3AA,4TH BN 21ST INF
FBVAA,3RD BN 21ST INF
FK3AA,4TH BN 21ST INF
FBVAA,3RD BN 21ST INF
FBKAA,3RD BN82ND ARTY
FBWAA,4TH BN 31ST INF
FBVAA,3RD BN 21ST INF
FBKAA,3RD BN82ND ARTY
FK3AA,4TH BN 21ST INF
FB1AA,2ND BN 1ST INF
FBWAA,4TH BN 31ST INF
FK3AA,4TH BN 21ST INF
FB1AA,2ND BN 1ST INF
FK3AA,4TH BN 21ST INF
FB1AA,2ND BN 1ST INF
FBVAA,3RD BN 21ST INF
FBKAA,3RD BN82ND ARTY
GLFAA,26TH ENG BN
GLEAA,123RD AVN BN
G15AA,5TH BN 46TH INF
GLEAA,123RD AVN BN
GLVAA,23RD S AND T BN
GLFAA,26TH ENG BN
FAPAA,H TRP 17TH CAV
FBGAA,2ND BN 17TH CAV
FAPAA,H TRP 17TH CAV
DPSAA,1ST BN 20TH INF
DPVAA,3RD BN 1ST INF
DP0AA,4TH BN 3RD INF
DPSAA,1ST BN 20TH INF
DPCAA,11TH INF BDE
DPSAA,1ST BN 20TH INF
DPEAA,TRP E 1ST CAV
DPCAA,11TH INF BDE
DPSAA,1ST BN 20TH INF
DPMAA,6TH SPT BN
DPGAA,6TH BN 11THARTY
DPEAA,TRP E 1ST CAV
GLFAA,26TH ENG BN
GLEAA,123RD AVN BN
FBWAA,4TH BN 31ST INF
FBKAA,3RD BN82ND ARTY
FBVAA,3RD BN 21ST INF
FBKAA,3RD BN82ND ARTY
FBWAA,4TH BN 31ST INF
FBVAA,3RD BN 21ST INF
FBFAA,HHC 198TH INF
FAPAA,H TRP 17TH CAV
ADDAA,1ST BN 52ND INF
ADAAA,1ST BN 46TH INF
ADXAA,1ST BN 14THARTY
ADAAA,1ST BN 46TH INF
AC4AA,1ST BN 6TH INF
ACYAA,1ST SQ 1ST CAV
C5JAA,176TH AVN CO
C44AA,176TH AVN CO
C42AA,174TH AVN CO
DPVAA,3RD BN 1ST INF
DP0AA,4TH BN 3RD INF
DPVAA,3RD BN 1ST INF
DPCAA,11TH INF BDE
DPVAA,3RD BN 1ST INF
DPEAA,TRP E 1ST CAV
DPCAA,11TH INF BDE
DPVAA,3RD BN 1ST INF
DPSAA,1ST BN 20TH INF
DPMAA,6TH SPT BN
DPGAA,6TH BN 11THARTY
DPEAA,TRP E 1ST CAV
ADAAA,1ST BN 46TH INF
ADDAA,1ST BN 52ND INF
ADAAA,1ST BN 46TH INF
AC4AA,1ST BN 6TH INF
ADXAA,1ST BN 14THARTY
AC4AA,1ST BN 6TH INF
ACYAA,1ST SQ 1ST CAV
DPSAA,1ST BN 20TH INF
DPVAA,3RD BN 1ST INF
DP0AA,4TH BN 3RD INF
DPSAA,1ST BN 20TH INF
DPEAA,TRP E 1ST CAV
DPCAA,11TH INF BDE
DPEAA,TRP E 1ST CAV
DPSAA,1ST BN 20TH INF
DPEAA,TRP E 1ST CAV
DPGAA,6TH BN 11THARTY
DPEAA,TRP E 1ST CAV
DPSAA,1ST BN 20TH INF
DPMAA,6TH SPT BN
DPGAA,6TH BN 11THARTY
DPEAA,TRP E 1ST CAV
A2HAA,2ND BN 11THARTY
A2JAA,3RD BN 16THARTY
A2HAA,2ND BN 11THARTY
A1RAA,3RD BN 18THARTY
FBVAA,3RD BN 21ST INF
FBWAA,4TH BN 31ST INF
FBVAA,3RD BN 21ST INF
FB1AA,2ND BN 1ST INF
FBVAA,3RD BN 21ST INF
FBKAA,3RD BN82ND ARTY
FK3AA,4TH BN 21ST INF
FBKAA,3RD BN82ND ARTY
FBGAA,2ND BN 17TH CAV
FAPAA,H TRP 17TH CAV
FBGAA,2ND BN 17TH CAV
FBEAA,HHC 196TH INF
ADAAA,1ST BN 46TH INF
ADDAA,1ST BN 52ND INF
ADAAA,1ST BN 46TH INF
AC4AA,1ST BN 6TH INF
ACYAA,1ST SQ 1ST CAV
ADXAA,1ST BN 14THARTY
ACYAA,1ST SQ 1ST CAV
A2JAA,3RD BN 16THARTY
A2HAA,2ND BN 11THARTY
A2JAA,3RD BN 16THARTY
A2HAA,2ND BN 11THARTY
A1RAA,3RD BN 18THARTY
A2HAA,2ND BN 11THARTY
A1RAA,3RD BN 18THARTY
A2HAA,2ND BN 11THARTY
A1RAA,3RD BN 18THARTY
A2HAA,2ND BN 11THARTY
A1RAA,3RD BN 18THARTY
A2HAA,2ND BN 11THARTY
A1RAA,3RD BN 18THARTY
A2HAA,2ND BN 11THARTY
FEXAA,161ST AVN CO
C44AA,176TH AVN CO
C42AA,174TH AVN CO
C5JAA,176TH AVN CO
C44AA,176TH AVN CO
C42AA,174TH AVN CO
ACYAA,1ST SQ 1ST CAV
ARTAA,71 ASLT HEL CO
FBWAA,4TH BN 31ST INF
FBGAA,2ND BN 17TH CAV
FBKAA,3RD BN82ND ARTY
FB1AA,2ND BN 1ST INF
FBKAA,3RD BN82ND ARTY
FBGAA,2ND BN 17TH CAV
FBWAA,4TH BN 31ST INF
FBVAA,3RD BN 21ST INF
FBKAA,3RD BN82ND ARTY
FAXAA,8TH SPT BN
FAPAA,H TRP 17TH CAV
GLFAA,26TH ENG BN
GLEAA,123RD AVN BN
DPSAA,1ST BN 20TH INF
DPVAA,3RD BN 1ST INF
DP0AA,4TH BN 3RD INF
DPSAA,1ST BN 20TH INF
DPCAA,11TH INF BDE
DPSAA,1ST BN 20TH INF
DPEAA,TRP E 1ST CAV
DPCAA,11TH INF BDE
DPSAA,1ST BN 20TH INF
DPMAA,6TH SPT BN
DPGAA,6TH BN 11THARTY
DPEAA,TRP E 1ST CAV
GLFAA,26TH ENG BN
GLEAA,123RD AVN BN
G15AA,5TH BN 46TH INF
GLEAA,123RD AVN BN
DPSAA,1ST BN 20TH INF
DPVAA,3RD BN 1ST INF
DP0AA,4TH BN 3RD INF
DPSAA,1ST BN 20TH INF
DPCAA,11TH INF BDE
DPEAA,TRP E 1ST CAV
DPCAA,11TH INF BDE
DPSAA,1ST BN 20TH INF
DPMAA,6TH SPT BN
DPEAA,TRP E 1ST CAV
DPGAA,6TH BN 11THARTY
DPMAA,6TH SPT BN
DPGAA,6TH BN 11THARTY
DPEAA,TRP E 1ST CAV
A2JAA,3RD BN 16THARTY
A2HAA,2ND BN 11THARTY
A1RAA,3RD BN 18THARTY
A2HAA,2ND BN 11THARTY
A1RAA,3RD BN 18THARTY
A2HAA,2ND BN 11THARTY
A1RAA,3RD BN 18THARTY
A2HAA,2ND BN 11THARTY
A1RAA,3RD BN 18THARTY
FAPAA,H TRP 17TH CAV
FB1AA,2ND BN 1ST INF
FBKAA,3RD BN82ND ARTY
FB1AA,2ND BN 1ST INF
FBVAA,3RD BN 21ST INF
FBKAA,3RD BN82ND ARTY
FB1AA,2ND BN 1ST INF
FBGAA,2ND BN 17TH CAV
FB1AA,2ND BN 1ST INF
FBGAA,2ND BN 17TH CAV
FB1AA,2ND BN 1ST INF
FBKAA,3RD BN82ND ARTY
FBGAA,2ND BN 17TH CAV
FB1AA,2ND BN 1ST INF
FBWAA,4TH BN 31ST INF
FBVAA,3RD BN 21ST INF
FBFAA,HHC 198TH INF
FBVAA,3RD BN 21ST INF
FBKAA,3RD BN82ND ARTY
FBVAA,3RD BN 21ST INF
GLEAA,123RD AVN BN
GLFAA,26TH ENG BN
GLEAA,123RD AVN BN
FEXAA,161ST AVN CO
FBKAA,3RD BN82ND ARTY
C44AA,176TH AVN CO
C5JAA,176TH AVN CO
C44AA,176TH AVN CO
C42AA,174TH AVN CO
C44AA,176TH AVN CO
C42AA,174TH AVN CO
ACYAA,1ST SQ 1ST CAV
A1RAA,3RD BN 18THARTY
ARTAA,71 ASLT HEL CO
AX2AA,14TH AVN BN
ADDAA,1ST BN 52ND INF
FBKAA,3RD BN82ND ARTY
FBVAA,3RD BN 21ST INF
FBWAA,4TH BN 31ST INF
FBKAA,3RD BN82ND ARTY
FAPAA,H TRP 17TH CAV
DPGAA,6TH BN 11THARTY
ADDAA,1ST BN 52ND INF
ADXAA,1ST BN 14THARTY
ADDAA,1ST BN 52ND INF
ACYAA,1ST SQ 1ST CAV
AC4AA,1ST BN 6TH INF
ACYAA,1ST SQ 1ST CAV
ADDAA,1ST BN 52ND INF
ADAAA,1ST BN 46TH INF
AC4AA,1ST BN 6TH INF
ADAAA,1ST BN 46TH INF
AC4AA,1ST BN 6TH INF
ADAAA,1ST BN 46TH INF
AC4AA,1ST BN 6TH INF
ADAAA,1ST BN 46TH INF
AC4AA,1ST BN 6TH INF
ADAAA,1ST BN 46TH INF
AC4AA,1ST BN 6TH INF
ADAAA,1ST BN 46TH INF
AC4AA,1ST BN 6TH INF
ADAAA,1ST BN 46TH INF
AC4AA,1ST BN 6TH INF
A2JAA,3RD BN 16THARTY
A1RAA,3RD BN 18THARTY
A2JAA,3RD BN 16THARTY
A1RAA,3RD BN 18THARTY
A2JAA,3RD BN 16THARTY
A1RAA,3RD BN 18THARTY
A2JAA,3RD BN 16THARTY
A1RAA,3RD BN 18THARTY
A2JAA,3RD BN 16THARTY
A2HAA,2ND BN 11THARTY
ADAAA,1ST BN 46TH INF
ADDAA,1ST BN 52ND INF
ADAAA,1ST BN 46TH INF
AC4AA,1ST BN 6TH INF
ACYAA,1ST SQ 1ST CAV
ADXAA,1ST BN 14THARTY
ACYAA,1ST SQ 1ST CAV
A2HAA,2ND BN 11THARTY
GFYAA,90TH CML DET
GLEAA,123RD AVN BN
G15AA,5TH BN 46TH INF
G20AA,F TRP 8TH CAV
GLEAA,123RD AVN BN
GLFAA,26TH ENG BN
GLEAA,123RD AVN BN
A2HAA,2ND BN 11THARTY
ARTAA,71 ASLT HEL CO
ADAAA,1ST BN 46TH INF
ADDAA,1ST BN 52ND INF
ADAAA,1ST BN 46TH INF
AC4AA,1ST BN 6TH INF
ADXAA,1ST BN 14THARTY
AC4AA,1ST BN 6TH INF
ACYAA,1ST SQ 1ST CAV
FEXAA,161ST AVN CO
FB1AA,2ND BN 1ST INF
FBWAA,4TH BN 31ST INF
FBKAA,3RD BN82ND ARTY
FB1AA,2ND BN 1ST INF
FBKAA,3RD BN82ND ARTY
FBWAA,4TH BN 31ST INF
FBVAA,3RD BN 21ST INF
FBKAA,3RD BN82ND ARTY
A2JAA,3RD BN 16THARTY
A2HAA,2ND BN 11THARTY
FAXAA,8TH SPT BN
C5JAA,176TH AVN CO
C44AA,176TH AVN CO
C42AA,174TH AVN CO
ACYAA,1ST SQ 1ST CAV
AC4AA,1ST BN 6TH INF
ACYAA,1ST SQ 1ST CAV
AC4AA,1ST BN 6TH INF
ADAAA,1ST BN 46TH INF
AC4AA,1ST BN 6TH INF
ADDAA,1ST BN 52ND INF
ADAAA,1ST BN 46TH INF
ADXAA,1ST BN 14THARTY
FBVAA,3RD BN 21ST INF
FBWAA,4TH BN 31ST INF
FBVAA,3RD BN 21ST INF
FBKAA,3RD BN82ND ARTY
FB1AA,2ND BN 1ST INF
FBKAA,3RD BN82ND ARTY
FBGAA,2ND BN 17TH CAV
FAPAA,H TRP 17TH CAV
FBVAA,3RD BN 21ST INF
FK3AA,4TH BN 21ST INF
FBVAA,3RD BN 21ST INF
FBKAA,3RD BN82ND ARTY
FBGAA,2ND BN 17TH CAV
FBFAA,HHC 198TH INF
FAPAA,H TRP 17TH CAV
DPSAA,1ST BN 20TH INF
DPVAA,3RD BN 1ST INF
DP0AA,4TH BN 3RD INF
DPSAA,1ST BN 20TH INF
DPCAA,11TH INF BDE
DPSAA,1ST BN 20TH INF
DPEAA,TRP E 1ST CAV
DPCAA,11TH INF BDE
DPSAA,1ST BN 20TH INF
DPMAA,6TH SPT BN
DPGAA,6TH BN 11THARTY
DPEAA,TRP E 1ST CAV
A2JAA,3RD BN 16THARTY
A2HAA,2ND BN 11THARTY
A1RAA,3RD BN 18THARTY
AZVAA,937 ENG GP
AZ1AA,19TH ENG BN
BAFAA,84TH ENG BN
BCVAA,511TH ENG BN
AZ1AA,19TH ENG BN
AZ0AA,14TH ENG BN
AZVAA,937 ENG GP
AZ1AA,19TH ENG BN
AZ8AA,70TH ENG BN
AZ2AA,20TH ENG BN
AZ1AA,19TH ENG BN
AZ2AA,20TH ENG BN
AZ1AA,19TH ENG BN
DYJAA,93RD ENG BN
DRAAA,137TH ENGR CO
DFLAA,589TH ENG BN
DE0AA,554TH ENG BN
DFLAA,589TH ENG BN
DE0AA,554TH ENG BN
BBPAA,573RD ENG CO
BB3AA,584TH ENG CO
BA4AA,73RD ENG CO
BCVAA,511TH ENG BN
BCUAA,509TH ENG CO
A0JAA,588TH ENG BN
AZ1AA,19TH ENG BN
BAFAA,84TH ENG BN
BCVAA,511TH ENG CO
BB3AA,584TH ENG CO
BBPAA,573RD ENG CO
BA4AA,73RD ENG BN
BAFAA,84TH ENG BN
AZ8AA,70TH ENG BN
AZVAA,937 ENG GP
AZ2AA,20TH ENG BN
AZVAA,937 ENG GP
AZ8AA,70TH ENG BN
AZ2AA,20TH ENG BN
BCVAA,511TH ENG BN
AZ2AA,20TH ENG BN
AZ5AA,35TH ENG BN
AZ8AA,70TH ENG BN
AZ2AA,20TH ENG BN
AZ1AA,19TH ENG BN
AZ0AA,14TH ENG BN
AZVAA,937 ENG GP
DZNAA,34TH CONST BN
DE0AA,554TH ENG BN
DFLAA,589TH ENG BN
DE0AA,554TH ENG BN
DE1AA,815TH ENG CO
DE0AA,554TH ENG BN
DE1AA,815TH ENG CO
AZ5AA,35TH ENG BN
DE0AA,554TH ENG BN
AZVAA,937 ENG GP
BAFAA,84TH ENG BN
BB0AA,100TH ENGR CO
AZVAA,937 ENG GP
AZ1AA,19TH ENG BN
AZVAA,937 ENG GP
AZ1AA,19TH ENG BN
AZ2AA,20TH ENG BN
AZ1AA,19TH ENG BN
AZ8AA,70TH ENG BN
AZ2AA,20TH ENG BN
DRAAA,137TH ENGR CO
DFLAA,589TH ENG BN
DE0AA,554TH ENG BN
DFLAA,589TH ENG BN
DE0AA,554TH ENG BN
A0BAA,86TH ENG BN
AZ8AA,70TH ENG BN
AZ2AA,20TH ENG BN
AZ1AA,19TH ENG BN
AZVAA,937 ENG GP
BAFAA,84TH ENG BN
BCVAA,511TH ENG CO
BAFAA,84TH ENG BN
DXYAA,104TH ENG CO
DE0AA,554TH ENG BN
DEMAA,45TH ENG CO
DFLAA,589TH ENG BN
DE0AA,554TH ENG BN
A0FAA,299TH ENG BN
AZVAA,937TH ENG GP
A0FAA,299TH ENG BN
AZ8AA,70TH ENG BN
AZVAA,937TH ENG GP
BVCAA,1ST MI BN
ABWAA,1ST 508TH INF
ABVAA,2ND 505TH INF
ABUAA,1ST 505TH INF
ABLAA,2ND 321ST ARTY
ABUAA,1ST 505TH INF
ABVAA,2ND 505TH INF
ABWAA,1ST 508TH INF
ABLAA,2ND 321ST ARTY
AA5AA,1ST SQ 17TH CAV
ABLAA,2ND 321ST ARTY
ABUAA,1ST 505TH INF
ABVAA,2ND 505TH INF
ABWAA,1ST 508TH INF
ABLAA,2ND 321ST ARTY
AA5AA,1ST SQ 17TH CAV
ABUAA,1ST 505TH INF
ABVAA,2ND 505TH INF
ABWAA,1ST 508TH INF
ABUAA,1ST 505TH INF
ABLAA,2ND 321ST ARTY
AA5AA,1ST SQ 17TH CAV
DE1AA,815TH ENG CO
AZ8AA,70TH ENG BN
AZ5AA,35TH ENG BN
AZ2AA,20TH ENG BN
AZ1AA,19TH ENG BN
AZVAA,937 ENG GP
AZ2AA,20TH ENG BN
AZ1AA,19TH ENG BN
DFLAA,589TH ENG BN
DE1AA,815TH ENG CO
DYJAA,93RD ENG BN
BVCAA,HHC 1ST MI BN
BHNAA,HQ 61ST MED BN
